lon,lat,hs
-83.000,6.000,1.487
-82.500,6.000,1.499
-82.000,6.000,1.523
-81.500,6.000,1.564
-81.000,6.000,1.682
-80.500,6.000,1.995
-80.000,6.000,2.110
-79.500,6.000,2.029
-79.000,6.000,1.792
-78.500,6.000,1.337
-78.000,6.000,1.013
-77.500,6.000,nan
-77.000,6.000,nan
-76.500,6.000,nan
-76.000,6.000,nan
-75.500,6.000,nan
-75.000,6.000,nan
-74.500,6.000,nan
-74.000,6.000,nan
-73.500,6.000,nan
-73.000,6.000,nan
-72.500,6.000,nan
-72.000,6.000,nan
-71.500,6.000,nan
-71.000,6.000,nan
-70.500,6.000,nan
-70.000,6.000,nan
-83.000,6.500,1.454
-82.500,6.500,1.463
-82.000,6.500,1.516
-81.500,6.500,1.586
-81.000,6.500,1.599
-80.500,6.500,1.862
-80.000,6.500,2.077
-79.500,6.500,1.975
-79.000,6.500,1.755
-78.500,6.500,1.356
-78.000,6.500,0.990
-77.500,6.500,nan
-77.000,6.500,nan
-76.500,6.500,nan
-76.000,6.500,nan
-75.500,6.500,nan
-75.000,6.500,nan
-74.500,6.500,nan
-74.000,6.500,nan
-73.500,6.500,nan
-73.000,6.500,nan
-72.500,6.500,nan
-72.000,6.500,nan
-71.500,6.500,nan
-71.000,6.500,nan
-70.500,6.500,nan
-70.000,6.500,nan
-83.000,7.000,1.414
-82.500,7.000,1.406
-82.000,7.000,1.438
-81.500,7.000,1.467
-81.000,7.000,1.374
-80.500,7.000,1.504
-80.000,7.000,1.885
-79.500,7.000,1.888
-79.000,7.000,1.687
-78.500,7.000,1.316
-78.000,7.000,nan
-77.500,7.000,nan
-77.000,7.000,nan
-76.500,7.000,nan
-76.000,7.000,nan
-75.500,7.000,nan
-75.000,7.000,nan
-74.500,7.000,nan
-74.000,7.000,nan
-73.500,7.000,nan
-73.000,7.000,nan
-72.500,7.000,nan
-72.000,7.000,nan
-71.500,7.000,nan
-71.000,7.000,nan
-70.500,7.000,nan
-70.000,7.000,nan
-83.000,7.500,1.367
-82.500,7.500,1.310
-82.000,7.500,1.198
-81.500,7.500,0.871
-81.000,7.500,nan
-80.500,7.500,nan
-80.000,7.500,1.565
-79.500,7.500,1.718
-79.000,7.500,1.590
-78.500,7.500,nan
-78.000,7.500,nan
-77.500,7.500,nan
-77.000,7.500,nan
-76.500,7.500,nan
-76.000,7.500,nan
-75.500,7.500,nan
-75.000,7.500,nan
-74.500,7.500,nan
-74.000,7.500,nan
-73.500,7.500,nan
-73.000,7.500,nan
-72.500,7.500,nan
-72.000,7.500,nan
-71.500,7.500,nan
-71.000,7.500,nan
-70.500,7.500,nan
-70.000,7.500,nan
-83.000,8.000,1.276
-82.500,8.000,1.049
-82.000,8.000,nan
-81.500,8.000,nan
-81.000,8.000,nan
-80.500,8.000,nan
-80.000,8.000,1.027
-79.500,8.000,1.420
-79.000,8.000,1.358
-78.500,8.000,nan
-78.000,8.000,nan
-77.500,8.000,nan
-77.000,8.000,nan
-76.500,8.000,nan
-76.000,8.000,nan
-75.500,8.000,nan
-75.000,8.000,nan
-74.500,8.000,nan
-74.000,8.000,nan
-73.500,8.000,nan
-73.000,8.000,nan
-72.500,8.000,nan
-72.000,8.000,nan
-71.500,8.000,nan
-71.000,8.000,nan
-70.500,8.000,nan
-70.000,8.000,nan
-83.000,8.500,nan
-82.500,8.500,nan
-82.000,8.500,nan
-81.500,8.500,nan
-81.000,8.500,nan
-80.500,8.500,nan
-80.000,8.500,nan
-79.500,8.500,0.900
-79.000,8.500,0.844
-78.500,8.500,nan
-78.000,8.500,nan
-77.500,8.500,nan
-77.000,8.500,nan
-76.500,8.500,nan
-76.000,8.500,nan
-75.500,8.500,nan
-75.000,8.500,nan
-74.500,8.500,nan
-74.000,8.500,nan
-73.500,8.500,nan
-73.000,8.500,nan
-72.500,8.500,nan
-72.000,8.500,nan
-71.500,8.500,nan
-71.000,8.500,nan
-70.500,8.500,nan
-70.000,8.500,nan
-83.000,9.000,nan
-82.500,9.000,nan
-82.000,9.000,nan
-81.500,9.000,nan
-81.000,9.000,nan
-80.500,9.000,nan
-80.000,9.000,nan
-79.500,9.000,0.348
-79.000,9.000,nan
-78.500,9.000,nan
-78.000,9.000,nan
-77.500,9.000,nan
-77.000,9.000,nan
-76.500,9.000,nan
-76.000,9.000,nan
-75.500,9.000,nan
-75.000,9.000,nan
-74.500,9.000,nan
-74.000,9.000,nan
-73.500,9.000,nan
-73.000,9.000,nan
-72.500,9.000,nan
-72.000,9.000,nan
-71.500,9.000,nan
-71.000,9.000,nan
-70.500,9.000,nan
-70.000,9.000,nan
-83.000,9.500,nan
-82.500,9.500,nan
-82.000,9.500,0.854
-81.500,9.500,0.962
-81.000,9.500,nan
-80.500,9.500,nan
-80.000,9.500,nan
-79.500,9.500,nan
-79.000,9.500,nan
-78.500,9.500,nan
-78.000,9.500,nan
-77.500,9.500,1.419
-77.000,9.500,1.453
-76.500,9.500,nan
-76.000,9.500,nan
-75.500,9.500,nan
-75.000,9.500,nan
-74.500,9.500,nan
-74.000,9.500,nan
-73.500,9.500,nan
-73.000,9.500,nan
-72.500,9.500,nan
-72.000,9.500,nan
-71.500,9.500,nan
-71.000,9.500,nan
-70.500,9.500,nan
-70.000,9.500,nan
-83.000,10.000,nan
-82.500,10.000,0.847
-82.000,10.000,0.963
-81.500,10.000,1.066
-81.000,10.000,1.104
-80.500,10.000,1.157
-80.000,10.000,nan
-79.500,10.000,nan
-79.000,10.000,nan
-78.500,10.000,1.376
-78.000,10.000,1.418
-77.500,10.000,1.452
-77.000,10.000,1.510
-76.500,10.000,1.575
-76.000,10.000,nan
-75.500,10.000,nan
-75.000,10.000,nan
-74.500,10.000,nan
-74.000,10.000,nan
-73.500,10.000,nan
-73.000,10.000,nan
-72.500,10.000,nan
-72.000,10.000,nan
-71.500,10.000,0.226
-71.000,10.000,nan
-70.500,10.000,nan
-70.000,10.000,nan
-83.000,10.500,0.888
-82.500,10.500,0.963
-82.000,10.500,1.044
-81.500,10.500,1.110
-81.000,10.500,1.136
-80.500,10.500,1.170
-80.000,10.500,1.253
-79.500,10.500,1.327
-79.000,10.500,1.361
-78.500,10.500,1.394
-78.000,10.500,1.418
-77.500,10.500,1.449
-77.000,10.500,1.510
-76.500,10.500,1.623
-76.000,10.500,nan
-75.500,10.500,nan
-75.000,10.500,nan
-74.500,10.500,nan
-74.000,10.500,nan
-73.500,10.500,nan
-73.000,10.500,nan
-72.500,10.500,nan
-72.000,10.500,nan
-71.500,10.500,nan
-71.000,10.500,nan
-70.500,10.500,nan
-70.000,10.500,nan
-83.000,11.000,1.037
-82.500,11.000,1.051
-82.000,11.000,1.080
-81.500,11.000,1.127
-81.000,11.000,1.183
-80.500,11.000,1.212
-80.000,11.000,1.253
-79.500,11.000,1.325
-79.000,11.000,1.371
-78.500,11.000,1.403
-78.000,11.000,1.418
-77.500,11.000,1.440
-77.000,11.000,1.493
-76.500,11.000,1.602
-76.000,11.000,nan
-75.500,11.000,nan
-75.000,11.000,nan
-74.500,11.000,nan
-74.000,11.000,nan
-73.500,11.000,nan
-73.000,11.000,nan
-72.500,11.000,nan
-72.000,11.000,nan
-71.500,11.000,nan
-71.000,11.000,nan
-70.500,11.000,nan
-70.000,11.000,nan
-83.000,11.500,1.213
-82.500,11.500,1.143
-82.000,11.500,1.129
-81.500,11.500,1.156
-81.000,11.500,1.214
-80.500,11.500,1.245
-80.000,11.500,1.261
-79.500,11.500,1.308
-79.000,11.500,1.366
-78.500,11.500,1.405
-78.000,11.500,1.413
-77.500,11.500,1.432
-77.000,11.500,1.458
-76.500,11.500,1.522
-76.000,11.500,1.648
-75.500,11.500,1.823
-75.000,11.500,nan
-74.500,11.500,nan
-74.000,11.500,nan
-73.500,11.500,nan
-73.000,11.500,nan
-72.500,11.500,nan
-72.000,11.500,1.086
-71.500,11.500,1.534
-71.000,11.500,nan
-70.500,11.500,nan
-70.000,11.500,nan
-83.000,12.000,1.342
-82.500,12.000,1.244
-82.000,12.000,1.186
-81.500,12.000,1.188
-81.000,12.000,1.229
-80.500,12.000,1.266
-80.000,12.000,1.260
-79.500,12.000,1.279
-79.000,12.000,1.324
-78.500,12.000,1.362
-78.000,12.000,1.377
-77.500,12.000,1.395
-77.000,12.000,1.392
-76.500,12.000,1.415
-76.000,12.000,1.520
-75.500,12.000,1.648
-75.000,12.000,1.734
-74.500,12.000,1.661
-74.000,12.000,1.455
-73.500,12.000,1.226
-73.000,12.000,nan
-72.500,12.000,nan
-72.000,12.000,nan
-71.500,12.000,nan
-71.000,12.000,1.149
-70.500,12.000,nan
-70.000,12.000,nan
-83.000,12.500,1.440
-82.500,12.500,1.330
-82.000,12.500,1.206
-81.500,12.500,1.204
-81.000,12.500,1.224
-80.500,12.500,1.254
-80.000,12.500,1.245
-79.500,12.500,1.240
-79.000,12.500,1.267
-78.500,12.500,1.302
-78.000,12.500,1.320
-77.500,12.500,1.325
-77.000,12.500,1.332
-76.500,12.500,1.354
-76.000,12.500,1.424
-75.500,12.500,1.491
-75.000,12.500,1.526
-74.500,12.500,1.500
-74.000,12.500,1.446
-73.500,12.500,1.377
-73.000,12.500,1.271
-72.500,12.500,nan
-72.000,12.500,nan
-71.500,12.500,nan
-71.000,12.500,1.338
-70.500,12.500,nan
-70.000,12.500,nan
-83.000,13.000,1.396
-82.500,13.000,1.359
-82.000,13.000,1.274
-81.500,13.000,1.216
-81.000,13.000,1.209
-80.500,13.000,1.225
-80.000,13.000,1.220
-79.500,13.000,1.202
-79.000,13.000,1.213
-78.500,13.000,1.241
-78.000,13.000,1.260
-77.500,13.000,1.267
-77.000,13.000,1.278
-76.500,13.000,1.308
-76.000,13.000,1.330
-75.500,13.000,1.356
-75.000,13.000,1.378
-74.500,13.000,1.357
-74.000,13.000,1.332
-73.500,13.000,1.322
-73.000,13.000,1.328
-72.500,13.000,1.362
-72.000,13.000,1.422
-71.500,13.000,1.474
-71.000,13.000,1.506
-70.500,13.000,1.503
-70.000,13.000,1.491
-83.000,13.500,1.364
-82.500,13.500,1.328
-82.000,13.500,1.313
-81.500,13.500,1.256
-81.000,13.500,1.224
-80.500,13.500,1.219
-80.000,13.500,1.205
-79.500,13.500,1.188
-79.000,13.500,1.179
-78.500,13.500,1.195
-78.000,13.500,1.211
-77.500,13.500,1.227
-77.000,13.500,1.234
-76.500,13.500,1.256
-76.000,13.500,1.269
-75.500,13.500,1.269
-75.000,13.500,1.274
-74.500,13.500,1.279
-74.000,13.500,1.294
-73.500,13.500,1.319
-73.000,13.500,1.336
-72.500,13.500,1.360
-72.000,13.500,1.392
-71.500,13.500,1.427
-71.000,13.500,1.452
-70.500,13.500,1.456
-70.000,13.500,1.466
-83.000,14.000,1.144
-82.500,14.000,1.184
-82.000,14.000,1.324
-81.500,14.000,1.360
-81.000,14.000,1.292
-80.500,14.000,1.273
-80.000,14.000,1.223
-79.500,14.000,1.214
-79.000,14.000,1.180
-78.500,14.000,1.159
-78.000,14.000,1.151
-77.500,14.000,1.158
-77.000,14.000,1.172
-76.500,14.000,1.197
-76.000,14.000,1.209
-75.500,14.000,1.188
-75.000,14.000,1.178
-74.500,14.000,1.192
-74.000,14.000,1.232
-73.500,14.000,1.252
-73.000,14.000,1.262
-72.500,14.000,1.278
-72.000,14.000,1.306
-71.500,14.000,1.340
-71.000,14.000,1.376
-70.500,14.000,1.398
-70.000,14.000,1.420
-83.000,14.500,0.956
-82.500,14.500,1.045
-82.000,14.500,1.288
-81.500,14.500,1.476
-81.000,14.500,1.457
-80.500,14.500,1.401
-80.000,14.500,1.317
-79.500,14.500,1.278
-79.000,14.500,1.203
-78.500,14.500,1.139
-78.000,14.500,1.102
-77.500,14.500,1.085
-77.000,14.500,1.096
-76.500,14.500,1.126
-76.000,14.500,1.142
-75.500,14.500,1.129
-75.000,14.500,1.119
-74.500,14.500,1.128
-74.000,14.500,1.167
-73.500,14.500,1.183
-73.000,14.500,1.196
-72.500,14.500,1.214
-72.000,14.500,1.236
-71.500,14.500,1.264
-71.000,14.500,1.305
-70.500,14.500,1.342
-70.000,14.500,1.371
-83.000,15.000,1.287
-82.500,15.000,1.231
-82.000,15.000,1.359
-81.500,15.000,1.603
-81.000,15.000,1.643
-80.500,15.000,1.599
-80.000,15.000,1.473
-79.500,15.000,1.343
-79.000,15.000,1.239
-78.500,15.000,1.141
-78.000,15.000,1.064
-77.500,15.000,1.026
-77.000,15.000,1.019
-76.500,15.000,1.036
-76.000,15.000,1.056
-75.500,15.000,1.066
-75.000,15.000,1.072
-74.500,15.000,1.075
-74.000,15.000,1.094
-73.500,15.000,1.107
-73.000,15.000,1.125
-72.500,15.000,1.147
-72.000,15.000,1.170
-71.500,15.000,1.193
-71.000,15.000,1.226
-70.500,15.000,1.268
-70.000,15.000,1.311
-83.000,15.500,1.339
-82.500,15.500,1.353
-82.000,15.500,1.480
-81.500,15.500,1.740
-81.000,15.500,1.780
-80.500,15.500,1.743
-80.000,15.500,1.587
-79.500,15.500,1.424
-79.000,15.500,1.297
-78.500,15.500,1.170
-78.000,15.500,1.061
-77.500,15.500,0.988
-77.000,15.500,0.953
-76.500,15.500,0.950
-76.000,15.500,0.965
-75.500,15.500,0.983
-75.000,15.500,0.999
-74.500,15.500,1.006
-74.000,15.500,1.019
-73.500,15.500,1.037
-73.000,15.500,1.054
-72.500,15.500,1.072
-72.000,15.500,1.094
-71.500,15.500,1.118
-71.000,15.500,1.148
-70.500,15.500,1.187
-70.000,15.500,1.238
-83.000,16.000,1.407
-82.500,16.000,1.568
-82.000,16.000,1.795
-81.500,16.000,1.864
-81.000,16.000,1.878
-80.500,16.000,1.815
-80.000,16.000,1.742
-79.500,16.000,1.570
-79.000,16.000,1.437
-78.500,16.000,1.255
-78.000,16.000,1.108
-77.500,16.000,0.993
-77.000,16.000,0.919
-76.500,16.000,0.890
-76.000,16.000,0.889
-75.500,16.000,0.905
-75.000,16.000,0.921
-74.500,16.000,0.927
-74.000,16.000,0.938
-73.500,16.000,0.956
-73.000,16.000,0.978
-72.500,16.000,1.000
-72.000,16.000,1.020
-71.500,16.000,1.044
-71.000,16.000,1.074
-70.500,16.000,1.111
-70.000,16.000,1.162
-83.000,16.500,1.646
-82.500,16.500,1.739
-82.000,16.500,1.800
-81.500,16.500,1.845
-81.000,16.500,1.873
-80.500,16.500,1.846
-80.000,16.500,1.795
-79.500,16.500,1.696
-79.000,16.500,1.547
-78.500,16.500,1.357
-78.000,16.500,1.161
-77.500,16.500,1.016
-77.000,16.500,0.915
-76.500,16.500,0.860
-76.000,16.500,0.838
-75.500,16.500,0.836
-75.000,16.500,0.848
-74.500,16.500,0.857
-74.000,16.500,0.864
-73.500,16.500,0.881
-73.000,16.500,0.906
-72.500,16.500,0.925
-72.000,16.500,0.943
-71.500,16.500,0.965
-71.000,16.500,0.994
-70.500,16.500,1.032
-70.000,16.500,1.083
-83.000,17.000,1.622
-82.500,17.000,1.684
-82.000,17.000,1.741
-81.500,17.000,1.784
-81.000,17.000,1.800
-80.500,17.000,1.795
-80.000,17.000,1.786
-79.500,17.000,1.721
-79.000,17.000,1.593
-78.500,17.000,1.394
-78.000,17.000,1.198
-77.500,17.000,1.023
-77.000,17.000,0.901
-76.500,17.000,0.837
-76.000,17.000,0.797
-75.500,17.000,0.783
-75.000,17.000,0.789
-74.500,17.000,0.794
-74.000,17.000,0.797
-73.500,17.000,0.817
-73.000,17.000,0.842
-72.500,17.000,0.852
-72.000,17.000,0.860
-71.500,17.000,0.877
-71.000,17.000,0.906
-70.500,17.000,0.949
-70.000,17.000,1.002
-83.000,17.500,1.565
-82.500,17.500,1.617
-82.000,17.500,1.665
-81.500,17.500,1.707
-81.000,17.500,1.719
-80.500,17.500,1.706
-80.000,17.500,1.690
-79.500,17.500,1.663
-79.000,17.500,1.600
-78.500,17.500,1.440
-78.000,17.500,1.186
-77.500,17.500,0.949
-77.000,17.500,0.801
-76.500,17.500,0.751
-76.000,17.500,0.745
-75.500,17.500,0.736
-75.000,17.500,0.742
-74.500,17.500,0.741
-74.000,17.500,0.732
-73.500,17.500,0.732
-73.000,17.500,0.723
-72.500,17.500,0.706
-72.000,17.500,0.686
-71.500,17.500,0.739
-71.000,17.500,0.824
-70.500,17.500,0.866
-70.000,17.500,0.914
-83.000,18.000,1.519
-82.500,18.000,1.561
-82.000,18.000,1.597
-81.500,18.000,1.630
-81.000,18.000,1.631
-80.500,18.000,1.601
-80.000,18.000,1.564
-79.500,18.000,1.534
-79.000,18.000,1.494
-78.500,18.000,1.343
-78.000,18.000,nan
-77.500,18.000,nan
-77.000,18.000,nan
-76.500,18.000,nan
-76.000,18.000,0.672
-75.500,18.000,0.687
-75.000,18.000,0.674
-74.500,18.000,0.639
-74.000,18.000,0.564
-73.500,18.000,0.599
-73.000,18.000,0.556
-72.500,18.000,0.513
-72.000,18.000,nan
-71.500,18.000,nan
-71.000,18.000,0.705
-70.500,18.000,0.758
-70.000,18.000,0.794
-83.000,18.500,1.475
-82.500,18.500,1.510
-82.000,18.500,1.539
-81.500,18.500,1.551
-81.000,18.500,1.513
-80.500,18.500,1.473
-80.000,18.500,1.427
-79.500,18.500,1.387
-79.000,18.500,1.346
-78.500,18.500,nan
-78.000,18.500,nan
-77.500,18.500,nan
-77.000,18.500,nan
-76.500,18.500,nan
-76.000,18.500,0.700
-75.500,18.500,0.652
-75.000,18.500,0.574
-74.500,18.500,nan
-74.000,18.500,nan
-73.500,18.500,nan
-73.000,18.500,nan
-72.500,18.500,nan
-72.000,18.500,nan
-71.500,18.500,nan
-71.000,18.500,nan
-70.500,18.500,nan
-70.000,18.500,nan
-83.000,19.000,1.413
-82.500,19.000,1.441
-82.000,19.000,1.468
-81.500,19.000,1.412
-81.000,19.000,1.312
-80.500,19.000,1.331
-80.000,19.000,1.298
-79.500,19.000,1.248
-79.000,19.000,1.234
-78.500,19.000,nan
-78.000,19.000,nan
-77.500,19.000,1.009
-77.000,19.000,0.883
-76.500,19.000,0.794
-76.000,19.000,0.712
-75.500,19.000,0.614
-75.000,19.000,0.522
-74.500,19.000,nan
-74.000,19.000,nan
-73.500,19.000,nan
-73.000,19.000,nan
-72.500,19.000,nan
-72.000,19.000,nan
-71.500,19.000,nan
-71.000,19.000,nan
-70.500,19.000,nan
-70.000,19.000,nan
-83.000,19.500,1.332
-82.500,19.500,1.341
-82.000,19.500,1.366
-81.500,19.500,1.357
-81.000,19.500,1.277
-80.500,19.500,1.284
-80.000,19.500,1.210
-79.500,19.500,1.162
-79.000,19.500,1.203
-78.500,19.500,1.279
-78.000,19.500,1.246
-77.500,19.500,1.009
-77.000,19.500,0.792
-76.500,19.500,0.710
-76.000,19.500,0.642
-75.500,19.500,0.544
-75.000,19.500,0.472
-74.500,19.500,0.464
-74.000,19.500,0.584
-73.500,19.500,0.509
-73.000,19.500,nan
-72.500,19.500,nan
-72.000,19.500,nan
-71.500,19.500,nan
-71.000,19.500,nan
-70.500,19.500,nan
-70.000,19.500,nan
-83.000,20.000,1.261
-82.500,20.000,1.239
-82.000,20.000,1.256
-81.500,20.000,1.263
-81.000,20.000,1.282
-80.500,20.000,1.281
-80.000,20.000,1.229
-79.500,20.000,1.235
-79.000,20.000,1.253
-78.500,20.000,1.260
-78.000,20.000,1.168
-77.500,20.000,nan
-77.000,20.000,nan
-76.500,20.000,nan
-76.000,20.000,nan
-75.500,20.000,nan
-75.000,20.000,nan
-74.500,20.000,0.412
-74.000,20.000,0.712
-73.500,20.000,nan
-73.000,20.000,nan
-72.500,20.000,nan
-72.000,20.000,nan
-71.500,20.000,nan
-71.000,20.000,nan
-70.500,20.000,nan
-70.000,20.000,nan
-83.000,20.500,1.220
-82.500,20.500,1.140
-82.000,20.500,1.127
-81.500,20.500,1.141
-81.000,20.500,1.205
-80.500,20.500,1.210
-80.000,20.500,1.167
-79.500,20.500,1.228
-79.000,20.500,1.185
-78.500,20.500,0.978
-78.000,20.500,0.748
-77.500,20.500,nan
-77.000,20.500,nan
-76.500,20.500,nan
-76.000,20.500,nan
-75.500,20.500,nan
-75.000,20.500,nan
-74.500,20.500,0.711
-74.000,20.500,0.816
-73.500,20.500,nan
-73.000,20.500,nan
-72.500,20.500,0.933
-72.000,20.500,nan
-71.500,20.500,nan
-71.000,20.500,nan
-70.500,20.500,1.458
-70.000,20.500,1.482
-83.000,21.000,1.121
-82.500,21.000,1.016
-82.000,21.000,0.976
-81.500,21.000,0.997
-81.000,21.000,1.072
-80.500,21.000,1.088
-80.000,21.000,0.982
-79.500,21.000,1.007
-79.000,21.000,0.898
-78.500,21.000,nan
-78.000,21.000,nan
-77.500,21.000,nan
-77.000,21.000,nan
-76.500,21.000,nan
-76.000,21.000,nan
-75.500,21.000,nan
-75.000,21.000,nan
-74.500,21.000,0.769
-74.000,21.000,0.797
-73.500,21.000,0.734
-73.000,21.000,0.780
-72.500,21.000,0.909
-72.000,21.000,0.854
-71.500,21.000,0.921
-71.000,21.000,1.231
-70.500,21.000,1.463
-70.000,21.000,1.487
-83.000,21.500,nan
-82.500,21.500,0.655
-82.000,21.500,0.730
-81.500,21.500,0.797
-81.000,21.500,0.818
-80.500,21.500,0.860
-80.000,21.500,0.615
-79.500,21.500,0.516
-79.000,21.500,nan
-78.500,21.500,nan
-78.000,21.500,nan
-77.500,21.500,nan
-77.000,21.500,nan
-76.500,21.500,nan
-76.000,21.500,nan
-75.500,21.500,0.831
-75.000,21.500,0.867
-74.500,21.500,0.853
-74.000,21.500,0.844
-73.500,21.500,0.909
-73.000,21.500,0.919
-72.500,21.500,0.877
-72.000,21.500,0.772
-71.500,21.500,0.869
-71.000,21.500,1.283
-70.500,21.500,1.454
-70.000,21.500,1.475
-83.000,22.000,nan
-82.500,22.000,0.535
-82.000,22.000,0.589
-81.500,22.000,0.585
-81.000,22.000,0.409
-80.500,22.000,nan
-80.000,22.000,nan
-79.500,22.000,nan
-79.000,22.000,nan
-78.500,22.000,nan
-78.000,22.000,nan
-77.500,22.000,nan
-77.000,22.000,0.832
-76.500,22.000,0.859
-76.000,22.000,0.884
-75.500,22.000,0.893
-75.000,22.000,0.940
-74.500,22.000,0.939
-74.000,22.000,0.906
-73.500,22.000,0.997
-73.000,22.000,1.034
-72.500,22.000,1.158
-72.000,22.000,1.235
-71.500,22.000,1.368
-71.000,22.000,1.463
-70.500,22.000,1.481
-70.000,22.000,1.485
-83.000,22.500,nan
-82.500,22.500,0.511
-82.000,22.500,nan
-81.500,22.500,nan
-81.000,22.500,nan
-80.500,22.500,nan
-80.000,22.500,nan
-79.500,22.500,nan
-79.000,22.500,nan
-78.500,22.500,nan
-78.000,22.500,nan
-77.500,22.500,0.920
-77.000,22.500,0.936
-76.500,22.500,0.899
-76.000,22.500,0.912
-75.500,22.500,0.877
-75.000,22.500,0.976
-74.500,22.500,1.023
-74.000,22.500,0.944
-73.500,22.500,1.154
-73.000,22.500,1.243
-72.500,22.500,1.408
-72.000,22.500,1.500
-71.500,22.500,1.526
-71.000,22.500,1.539
-70.500,22.500,1.538
-70.000,22.500,1.530
-83.000,23.000,nan
-82.500,23.000,nan
-82.000,23.000,nan
-81.500,23.000,nan
-81.000,23.000,nan
-80.500,23.000,nan
-80.000,23.000,nan
-79.500,23.000,nan
-79.000,23.000,nan
-78.500,23.000,1.165
-78.000,23.000,1.121
-77.500,23.000,1.079
-77.000,23.000,1.052
-76.500,23.000,0.981
-76.000,23.000,0.944
-75.500,23.000,0.942
-75.000,23.000,1.019
-74.500,23.000,1.235
-74.000,23.000,1.348
-73.500,23.000,1.411
-73.000,23.000,1.616
-72.500,23.000,1.661
-72.000,23.000,1.664
-71.500,23.000,1.651
-71.000,23.000,1.633
-70.500,23.000,1.614
-70.000,23.000,1.596
-83.000,23.500,1.722
-82.500,23.500,nan
-82.000,23.500,nan
-81.500,23.500,nan
-81.000,23.500,1.663
-80.500,23.500,1.586
-80.000,23.500,1.586
-79.500,23.500,1.459
-79.000,23.500,1.339
-78.500,23.500,1.237
-78.000,23.500,1.073
-77.500,23.500,0.949
-77.000,23.500,0.967
-76.500,23.500,0.969
-76.000,23.500,0.951
-75.500,23.500,0.980
-75.000,23.500,1.125
-74.500,23.500,1.400
-74.000,23.500,1.622
-73.500,23.500,1.779
-73.000,23.500,1.857
-72.500,23.500,1.878
-72.000,23.500,1.859
-71.500,23.500,1.818
-71.000,23.500,1.769
-70.500,23.500,1.725
-70.000,23.500,1.696
-83.000,24.000,1.688
-82.500,24.000,1.651
-82.000,24.000,1.575
-81.500,24.000,1.509
-81.000,24.000,1.487
-80.500,24.000,1.493
-80.000,24.000,1.467
-79.500,24.000,1.362
-79.000,24.000,1.332
-78.500,24.000,1.208
-78.000,24.000,0.857
-77.500,24.000,0.546
-77.000,24.000,0.724
-76.500,24.000,0.776
-76.000,24.000,0.906
-75.500,24.000,0.980
-75.000,24.000,1.280
-74.500,24.000,1.563
-74.000,24.000,1.790
-73.500,24.000,1.973
-73.000,24.000,2.071
-72.500,24.000,2.107
-72.000,24.000,2.088
-71.500,24.000,2.029
-71.000,24.000,1.950
-70.500,24.000,1.883
-70.000,24.000,1.831
-83.000,24.500,1.640
-82.500,24.500,1.534
-82.000,24.500,1.245
-81.500,24.500,0.926
-81.000,24.500,0.883
-80.500,24.500,1.023
-80.000,24.500,1.232
-79.500,24.500,1.364
-79.000,24.500,1.353
-78.500,24.500,nan
-78.000,24.500,nan
-77.500,24.500,0.665
-77.000,24.500,0.743
-76.500,24.500,0.820
-76.000,24.500,0.965
-75.500,24.500,1.110
-75.000,24.500,1.592
-74.500,24.500,1.857
-74.000,24.500,2.035
-73.500,24.500,2.159
-73.000,24.500,2.250
-72.500,24.500,2.304
-72.000,24.500,2.313
-71.500,24.500,2.265
-71.000,24.500,2.181
-70.500,24.500,2.090
-70.000,24.500,2.017
-83.000,25.000,1.632
-82.500,25.000,1.526
-82.000,25.000,1.102
-81.500,25.000,0.658
-81.000,25.000,0.438
-80.500,25.000,0.510
-80.000,25.000,0.975
-79.500,25.000,1.236
-79.000,25.000,1.209
-78.500,25.000,nan
-78.000,25.000,nan
-77.500,25.000,0.860
-77.000,25.000,0.922
-76.500,25.000,0.985
-76.000,25.000,1.244
-75.500,25.000,1.635
-75.000,25.000,1.891
-74.500,25.000,2.076
-74.000,25.000,2.214
-73.500,25.000,2.318
-73.000,25.000,2.400
-72.500,25.000,2.460
-72.000,25.000,2.493
-71.500,25.000,2.479
-71.000,25.000,2.422
-70.500,25.000,2.338
-70.000,25.000,2.260
-83.000,25.500,1.642
-82.500,25.500,1.512
-82.000,25.500,1.212
-81.500,25.500,nan
-81.000,25.500,nan
-80.500,25.500,nan
-80.000,25.500,0.798
-79.500,25.500,1.202
-79.000,25.500,0.893
-78.500,25.500,nan
-78.000,25.500,nan
-77.500,25.500,1.100
-77.000,25.500,1.139
-76.500,25.500,1.318
-76.000,25.500,1.616
-75.500,25.500,1.910
-75.000,25.500,2.121
-74.500,25.500,2.281
-74.000,25.500,2.404
-73.500,25.500,2.496
-73.000,25.500,2.565
-72.500,25.500,2.615
-72.000,25.500,2.652
-71.500,25.500,2.666
-71.000,25.500,2.642
-70.500,25.500,2.584
-70.000,25.500,2.511
-83.000,26.000,1.632
-82.500,26.000,1.470
-82.000,26.000,1.044
-81.500,26.000,nan
-81.000,26.000,nan
-80.500,26.000,nan
-80.000,26.000,0.867
-79.500,26.000,1.285
-79.000,26.000,1.383
-78.500,26.000,1.297
-78.000,26.000,1.293
-77.500,26.000,1.190
-77.000,26.000,1.189
-76.500,26.000,1.593
-76.000,26.000,1.918
-75.500,26.000,2.156
-75.000,26.000,2.342
-74.500,26.000,2.489
-74.000,26.000,2.602
-73.500,26.000,2.686
-73.000,26.000,2.751
-72.500,26.000,2.796
-72.000,26.000,2.826
-71.500,26.000,2.847
-71.000,26.000,2.849
-70.500,26.000,2.826
-70.000,26.000,2.776
-83.000,26.500,1.623
-82.500,26.500,1.441
-82.000,26.500,nan
-81.500,26.500,nan
-81.000,26.500,nan
-80.500,26.500,nan
-80.000,26.500,nan
-79.500,26.500,1.327
-79.000,26.500,1.454
-78.500,26.500,1.301
-78.000,26.500,1.213
-77.500,26.500,1.155
-77.000,26.500,1.289
-76.500,26.500,1.852
-76.000,26.500,2.160
-75.500,26.500,2.365
-75.000,26.500,2.527
-74.500,26.500,2.664
-74.000,26.500,2.773
-73.500,26.500,2.863
-73.000,26.500,2.938
-72.500,26.500,2.997
-72.000,26.500,3.034
-71.500,26.500,3.057
-71.000,26.500,3.060
-70.500,26.500,3.044
-70.000,26.500,3.011
-83.000,27.000,1.596
-82.500,27.000,nan
-82.000,27.000,nan
-81.500,27.000,nan
-81.000,27.000,nan
-80.500,27.000,nan
-80.000,27.000,nan
-79.500,27.000,1.475
-79.000,27.000,1.655
-78.500,27.000,1.516
-78.000,27.000,1.375
-77.500,27.000,1.710
-77.000,27.000,1.980
-76.500,27.000,2.241
-76.000,27.000,2.423
-75.500,27.000,2.576
-75.000,27.000,2.712
-74.500,27.000,2.830
-74.000,27.000,2.935
-73.500,27.000,3.026
-73.000,27.000,3.104
-72.500,27.000,3.176
-72.000,27.000,3.243
-71.500,27.000,3.288
-71.000,27.000,3.304
-70.500,27.000,3.287
-70.000,27.000,3.249
-83.000,27.500,1.374
-82.500,27.500,nan
-82.000,27.500,nan
-81.500,27.500,nan
-81.000,27.500,nan
-80.500,27.500,nan
-80.000,27.500,1.112
-79.500,27.500,1.594
-79.000,27.500,1.806
-78.500,27.500,1.919
-78.000,27.500,2.011
-77.500,27.500,2.193
-77.000,27.500,2.351
-76.500,27.500,2.499
-76.000,27.500,2.638
-75.500,27.500,2.774
-75.000,27.500,2.900
-74.500,27.500,3.016
-74.000,27.500,3.119
-73.500,27.500,3.208
-73.000,27.500,3.281
-72.500,27.500,3.348
-72.000,27.500,3.418
-71.500,27.500,3.477
-71.000,27.500,3.523
-70.500,27.500,3.545
-70.000,27.500,3.529
-83.000,28.000,nan
-82.500,28.000,nan
-82.000,28.000,nan
-81.500,28.000,nan
-81.000,28.000,nan
-80.500,28.000,nan
-80.000,28.000,1.376
-79.500,28.000,1.704
-79.000,28.000,1.906
-78.500,28.000,2.070
-78.000,28.000,2.227
-77.500,28.000,2.383
-77.000,28.000,2.539
-76.500,28.000,2.694
-76.000,28.000,2.842
-75.500,28.000,2.982
-75.000,28.000,3.108
-74.500,28.000,3.224
-74.000,28.000,3.326
-73.500,28.000,3.414
-73.000,28.000,3.487
-72.500,28.000,3.552
-72.000,28.000,3.614
-71.500,28.000,3.670
-71.000,28.000,3.717
-70.500,28.000,3.750
-70.000,28.000,3.764
-83.000,28.500,nan
-82.500,28.500,nan
-82.000,28.500,nan
-81.500,28.500,nan
-81.000,28.500,nan
-80.500,28.500,0.906
-80.000,28.500,1.510
-79.500,28.500,1.800
-79.000,28.500,2.001
-78.500,28.500,2.178
-78.000,28.500,2.355
-77.500,28.500,2.537
-77.000,28.500,2.723
-76.500,28.500,2.907
-76.000,28.500,3.071
-75.500,28.500,3.216
-75.000,28.500,3.346
-74.500,28.500,3.462
-74.000,28.500,3.562
-73.500,28.500,3.645
-73.000,28.500,3.715
-72.500,28.500,3.782
-72.000,28.500,3.848
-71.500,28.500,3.897
-71.000,28.500,3.932
-70.500,28.500,3.959
-70.000,28.500,3.978
-83.000,29.000,nan
-82.500,29.000,nan
-82.000,29.000,nan
-81.500,29.000,nan
-81.000,29.000,nan
-80.500,29.000,1.213
-80.000,29.000,1.635
-79.500,29.000,1.895
-79.000,29.000,2.097
-78.500,29.000,2.289
-78.000,29.000,2.486
-77.500,29.000,2.689
-77.000,29.000,2.895
-76.500,29.000,3.097
-76.000,29.000,3.285
-75.500,29.000,3.448
-75.000,29.000,3.590
-74.500,29.000,3.713
-74.000,29.000,3.812
-73.500,29.000,3.889
-73.000,29.000,3.957
-72.500,29.000,4.028
-72.000,29.000,4.095
-71.500,29.000,4.147
-71.000,29.000,4.185
-70.500,29.000,4.208
-70.000,29.000,4.211
-83.000,29.500,nan
-82.500,29.500,nan
-82.000,29.500,nan
-81.500,29.500,nan
-81.000,29.500,nan
-80.500,29.500,1.405
-80.000,29.500,1.734
-79.500,29.500,1.987
-79.000,29.500,2.199
-78.500,29.500,2.397
-78.000,29.500,2.602
-77.500,29.500,2.818
-77.000,29.500,3.034
-76.500,29.500,3.250
-76.000,29.500,3.454
-75.500,29.500,3.639
-75.000,29.500,3.802
-74.500,29.500,3.939
-74.000,29.500,4.042
-73.500,29.500,4.125
-73.000,29.500,4.209
-72.500,29.500,4.289
-72.000,29.500,4.351
-71.500,29.500,4.395
-71.000,29.500,4.430
-70.500,29.500,4.454
-70.000,29.500,4.456
-83.000,30.000,nan
-82.500,30.000,nan
-82.000,30.000,nan
-81.500,30.000,nan
-81.000,30.000,1.094
-80.500,30.000,1.493
-80.000,30.000,1.776
-79.500,30.000,2.024
-79.000,30.000,2.248
-78.500,30.000,2.460
-78.000,30.000,2.674
-77.500,30.000,2.900
-77.000,30.000,3.128
-76.500,30.000,3.356
-76.000,30.000,3.574
-75.500,30.000,3.777
-75.000,30.000,3.957
-74.500,30.000,4.103
-74.000,30.000,4.223
-73.500,30.000,4.334
-73.000,30.000,4.447
-72.500,30.000,4.542
-72.000,30.000,4.611
-71.500,30.000,4.661
-71.000,30.000,4.703
-70.500,30.000,4.729
-70.000,30.000,4.736
-83.000,30.500,nan
-82.500,30.500,nan
-82.000,30.500,nan
-81.500,30.500,0.399
-81.000,30.500,1.121
-80.500,30.500,1.501
-80.000,30.500,1.781
-79.500,30.500,2.024
-79.000,30.500,2.253
-78.500,30.500,2.476
-78.000,30.500,2.699
-77.500,30.500,2.934
-77.000,30.500,3.176
-76.500,30.500,3.420
-76.000,30.500,3.656
-75.500,30.500,3.874
-75.000,30.500,4.070
-74.500,30.500,4.239
-74.000,30.500,4.384
-73.500,30.500,4.505
-73.000,30.500,4.614
-72.500,30.500,4.714
-72.000,30.500,4.806
-71.500,30.500,4.896
-71.000,30.500,4.969
-70.500,30.500,5.018
-70.000,30.500,5.051
-83.000,31.000,nan
-82.500,31.000,nan
-82.000,31.000,nan
-81.500,31.000,0.473
-81.000,31.000,1.065
-80.500,31.000,1.476
-80.000,31.000,1.768
-79.500,31.000,2.011
-79.000,31.000,2.237
-78.500,31.000,2.462
-78.000,31.000,2.693
-77.500,31.000,2.934
-77.000,31.000,3.185
-76.500,31.000,3.441
-76.000,31.000,3.698
-75.500,31.000,3.941
-75.000,31.000,4.155
-74.500,31.000,4.344
-74.000,31.000,4.506
-73.500,31.000,4.639
-73.000,31.000,4.744
-72.500,31.000,4.831
-72.000,31.000,4.922
-71.500,31.000,5.019
-71.000,31.000,5.113
-70.500,31.000,5.208
-70.000,31.000,5.285
-83.000,31.500,nan
-82.500,31.500,nan
-82.000,31.500,nan
-81.500,31.500,nan
-81.000,31.500,0.747
-80.500,31.500,1.343
-80.000,31.500,1.674
-79.500,31.500,1.934
-79.000,31.500,2.171
-78.500,31.500,2.410
-78.000,31.500,2.659
-77.500,31.500,2.917
-77.000,31.500,3.184
-76.500,31.500,3.455
-76.000,31.500,3.724
-75.500,31.500,3.980
-75.000,31.500,4.213
-74.500,31.500,4.422
-74.000,31.500,4.599
-73.500,31.500,4.746
-73.000,31.500,4.860
-72.500,31.500,4.954
-72.000,31.500,5.044
-71.500,31.500,5.144
-71.000,31.500,5.243
-70.500,31.500,5.333
-70.000,31.500,5.412
-83.000,32.000,nan
-82.500,32.000,nan
-82.000,32.000,nan
-81.500,32.000,nan
-81.000,32.000,nan
-80.500,32.000,1.003
-80.000,32.000,1.428
-79.500,32.000,1.738
-79.000,32.000,2.027
-78.500,32.000,2.307
-78.000,32.000,2.590
-77.500,32.000,2.875
-77.000,32.000,3.171
-76.500,32.000,3.472
-76.000,32.000,3.767
-75.500,32.000,4.045
-75.000,32.000,4.301
-74.500,32.000,4.531
-74.000,32.000,4.723
-73.500,32.000,4.870
-73.000,32.000,4.977
-72.500,32.000,5.074
-72.000,32.000,5.172
-71.500,32.000,5.273
-71.000,32.000,5.382
-70.500,32.000,5.498
-70.000,32.000,5.603
-83.000,32.500,nan
-82.500,32.500,nan
-82.000,32.500,nan
-81.500,32.500,nan
-81.000,32.500,nan
-80.500,32.500,nan
-80.000,32.500,0.999
-79.500,32.500,1.282
-79.000,32.500,1.705
-78.500,32.500,2.090
-78.000,32.500,2.454
-77.500,32.500,2.792
-77.000,32.500,3.133
-76.500,32.500,3.473
-76.000,32.500,3.805
-75.500,32.500,4.122
-75.000,32.500,4.415
-74.500,32.500,4.669
-74.000,32.500,4.878
-73.500,32.500,5.033
-73.000,32.500,5.140
-72.500,32.500,5.223
-72.000,32.500,5.308
-71.500,32.500,5.407
-71.000,32.500,5.521
-70.500,32.500,5.637
-70.000,32.500,5.750
-83.000,33.000,nan
-82.500,33.000,nan
-82.000,33.000,nan
-81.500,33.000,nan
-81.000,33.000,nan
-80.500,33.000,nan
-80.000,33.000,nan
-79.500,33.000,nan
-79.000,33.000,1.133
-78.500,33.000,1.708
-78.000,33.000,2.177
-77.500,33.000,2.616
-77.000,33.000,3.036
-76.500,33.000,3.430
-76.000,33.000,3.807
-75.500,33.000,4.160
-75.000,33.000,4.487
-74.500,33.000,4.776
-74.000,33.000,5.022
-73.500,33.000,5.210
-73.000,33.000,5.318
-72.500,33.000,5.387
-72.000,33.000,5.442
-71.500,33.000,5.505
-71.000,33.000,5.588
-70.500,33.000,5.706
-70.000,33.000,5.844
-83.000,33.500,nan
-82.500,33.500,nan
-82.000,33.500,nan
-81.500,33.500,nan
-81.000,33.500,nan
-80.500,33.500,nan
-80.000,33.500,nan
-79.500,33.500,nan
-79.000,33.500,0.474
-78.500,33.500,1.235
-78.000,33.500,1.737
-77.500,33.500,2.244
-77.000,33.500,2.792
-76.500,33.500,3.284
-76.000,33.500,3.724
-75.500,33.500,4.134
-75.000,33.500,4.505
-74.500,33.500,4.840
-74.000,33.500,5.124
-73.500,33.500,5.339
-73.000,33.500,5.452
-72.500,33.500,5.504
-72.000,33.500,5.547
-71.500,33.500,5.575
-71.000,33.500,5.621
-70.500,33.500,5.718
-70.000,33.500,5.860
-83.000,34.000,nan
-82.500,34.000,nan
-82.000,34.000,nan
-81.500,34.000,nan
-81.000,34.000,nan
-80.500,34.000,nan
-80.000,34.000,nan
-79.500,34.000,nan
-79.000,34.000,nan
-78.500,34.000,0.939
-78.000,34.000,1.167
-77.500,34.000,1.599
-77.000,34.000,2.321
-76.500,34.000,2.899
-76.000,34.000,3.451
-75.500,34.000,3.933
-75.000,34.000,4.366
-74.500,34.000,4.768
-74.000,34.000,5.113
-73.500,34.000,5.373
-73.000,34.000,5.512
-72.500,34.000,5.582
-72.000,34.000,5.634
-71.500,34.000,5.672
-71.000,34.000,5.695
-70.500,34.000,5.745
-70.000,34.000,5.853
-83.000,34.500,nan
-82.500,34.500,nan
-82.000,34.500,nan
-81.500,34.500,nan
-81.000,34.500,nan
-80.500,34.500,nan
-80.000,34.500,nan
-79.500,34.500,nan
-79.000,34.500,nan
-78.500,34.500,nan
-78.000,34.500,nan
-77.500,34.500,0.884
-77.000,34.500,1.220
-76.500,34.500,2.021
-76.000,34.500,2.887
-75.500,34.500,3.550
-75.000,34.500,4.095
-74.500,34.500,4.560
-74.000,34.500,4.951
-73.500,34.500,5.267
-73.000,34.500,5.506
-72.500,34.500,5.653
-72.000,34.500,5.734
-71.500,34.500,5.785
-71.000,34.500,5.810
-70.500,34.500,5.836
-70.000,34.500,5.892
-83.000,35.000,nan
-82.500,35.000,nan
-82.000,35.000,nan
-81.500,35.000,nan
-81.000,35.000,nan
-80.500,35.000,nan
-80.000,35.000,nan
-79.500,35.000,nan
-79.000,35.000,nan
-78.500,35.000,nan
-78.000,35.000,nan
-77.500,35.000,nan
-77.000,35.000,nan
-76.500,35.000,0.876
-76.000,35.000,1.903
-75.500,35.000,2.828
-75.000,35.000,3.664
-74.500,35.000,4.272
-74.000,35.000,4.737
-73.500,35.000,5.124
-73.000,35.000,5.448
-72.500,35.000,5.690
-72.000,35.000,5.830
-71.500,35.000,5.890
-71.000,35.000,5.894
-70.500,35.000,5.883
-70.000,35.000,5.904
-83.000,35.500,nan
-82.500,35.500,nan
-82.000,35.500,nan
-81.500,35.500,nan
-81.000,35.500,nan
-80.500,35.500,nan
-80.000,35.500,nan
-79.500,35.500,nan
-79.000,35.500,nan
-78.500,35.500,nan
-78.000,35.500,nan
-77.500,35.500,nan
-77.000,35.500,nan
-76.500,35.500,nan
-76.000,35.500,nan
-75.500,35.500,1.627
-75.000,35.500,3.152
-74.500,35.500,4.006
-74.000,35.500,4.592
-73.500,35.500,5.066
-73.000,35.500,5.459
-72.500,35.500,5.737
-72.000,35.500,5.889
-71.500,35.500,5.957
-71.000,35.500,5.961
-70.500,35.500,5.927
-70.000,35.500,5.904
-83.000,36.000,nan
-82.500,36.000,nan
-82.000,36.000,nan
-81.500,36.000,nan
-81.000,36.000,nan
-80.500,36.000,nan
-80.000,36.000,nan
-79.500,36.000,nan
-79.000,36.000,nan
-78.500,36.000,nan
-78.000,36.000,nan
-77.500,36.000,nan
-77.000,36.000,nan
-76.500,36.000,nan
-76.000,36.000,nan
-75.500,36.000,1.900
-75.000,36.000,2.989
-74.500,36.000,3.878
-74.000,36.000,4.511
-73.500,36.000,5.041
-73.000,36.000,5.464
-72.500,36.000,5.749
-72.000,36.000,5.918
-71.500,36.000,6.004
-71.000,36.000,6.038
-70.500,36.000,6.034
-70.000,36.000,6.012
-83.000,36.500,nan
-82.500,36.500,nan
-82.000,36.500,nan
-81.500,36.500,nan
-81.000,36.500,nan
-80.500,36.500,nan
-80.000,36.500,nan
-79.500,36.500,nan
-79.000,36.500,nan
-78.500,36.500,nan
-78.000,36.500,nan
-77.500,36.500,nan
-77.000,36.500,nan
-76.500,36.500,nan
-76.000,36.500,0.575
-75.500,36.500,1.945
-75.000,36.500,2.952
-74.500,36.500,3.795
-74.000,36.500,4.437
-73.500,36.500,4.940
-73.000,36.500,5.359
-72.500,36.500,5.675
-72.000,36.500,5.898
-71.500,36.500,6.041
-71.000,36.500,6.135
-70.500,36.500,6.187
-70.000,36.500,6.210
-83.000,37.000,nan
-82.500,37.000,nan
-82.000,37.000,nan
-81.500,37.000,nan
-81.000,37.000,nan
-80.500,37.000,nan
-80.000,37.000,nan
-79.500,37.000,nan
-79.000,37.000,nan
-78.500,37.000,nan
-78.000,37.000,nan
-77.500,37.000,nan
-77.000,37.000,nan
-76.500,37.000,nan
-76.000,37.000,0.965
-75.500,37.000,2.056
-75.000,37.000,3.017
-74.500,37.000,3.783
-74.000,37.000,4.374
-73.500,37.000,4.816
-73.000,37.000,5.189
-72.500,37.000,5.502
-72.000,37.000,5.764
-71.500,37.000,5.971
-71.000,37.000,6.129
-70.500,37.000,6.240
-70.000,37.000,6.321
-83.000,37.500,nan
-82.500,37.500,nan
-82.000,37.500,nan
-81.500,37.500,nan
-81.000,37.500,nan
-80.500,37.500,nan
-80.000,37.500,nan
-79.500,37.500,nan
-79.000,37.500,nan
-78.500,37.500,nan
-78.000,37.500,nan
-77.500,37.500,nan
-77.000,37.500,nan
-76.500,37.500,nan
-76.000,37.500,0.913
-75.500,37.500,1.592
-75.000,37.500,2.769
-74.500,37.500,3.637
-74.000,37.500,4.291
-73.500,37.500,4.752
-73.000,37.500,5.110
-72.500,37.500,5.409
-72.000,37.500,5.652
-71.500,37.500,5.855
-71.000,37.500,6.039
-70.500,37.500,6.182
-70.000,37.500,6.289
-83.000,38.000,nan
-82.500,38.000,nan
-82.000,38.000,nan
-81.500,38.000,nan
-81.000,38.000,nan
-80.500,38.000,nan
-80.000,38.000,nan
-79.500,38.000,nan
-79.000,38.000,nan
-78.500,38.000,nan
-78.000,38.000,nan
-77.500,38.000,nan
-77.000,38.000,nan
-76.500,38.000,nan
-76.000,38.000,nan
-75.500,38.000,nan
-75.000,38.000,1.905
-74.500,38.000,3.316
-74.000,38.000,4.146
-73.500,38.000,4.684
-73.000,38.000,5.071
-72.500,38.000,5.377
-72.000,38.000,5.618
-71.500,38.000,5.799
-71.000,38.000,5.953
-70.500,38.000,6.076
-70.000,38.000,6.194
-83.000,38.500,nan
-82.500,38.500,nan
-82.000,38.500,nan
-81.500,38.500,nan
-81.000,38.500,nan
-80.500,38.500,nan
-80.000,38.500,nan
-79.500,38.500,nan
-79.000,38.500,nan
-78.500,38.500,nan
-78.000,38.500,nan
-77.500,38.500,nan
-77.000,38.500,nan
-76.500,38.500,nan
-76.000,38.500,nan
-75.500,38.500,nan
-75.000,38.500,1.447
-74.500,38.500,3.122
-74.000,38.500,3.964
-73.500,38.500,4.537
-73.000,38.500,4.966
-72.500,38.500,5.317
-72.000,38.500,5.581
-71.500,38.500,5.767
-71.000,38.500,5.895
-70.500,38.500,5.971
-70.000,38.500,6.041
-83.000,39.000,nan
-82.500,39.000,nan
-82.000,39.000,nan
-81.500,39.000,nan
-81.000,39.000,nan
-80.500,39.000,nan
-80.000,39.000,nan
-79.500,39.000,nan
-79.000,39.000,nan
-78.500,39.000,nan
-78.000,39.000,nan
-77.500,39.000,nan
-77.000,39.000,nan
-76.500,39.000,nan
-76.000,39.000,nan
-75.500,39.000,nan
-75.000,39.000,1.322
-74.500,39.000,2.742
-74.000,39.000,3.449
-73.500,39.000,4.171
-73.000,39.000,4.723
-72.500,39.000,5.147
-72.000,39.000,5.484
-71.500,39.000,5.722
-71.000,39.000,5.859
-70.500,39.000,5.918
-70.000,39.000,5.948
-83.000,39.500,nan
-82.500,39.500,nan
-82.000,39.500,nan
-81.500,39.500,nan
-81.000,39.500,nan
-80.500,39.500,nan
-80.000,39.500,nan
-79.500,39.500,nan
-79.000,39.500,nan
-78.500,39.500,nan
-78.000,39.500,nan
-77.500,39.500,nan
-77.000,39.500,nan
-76.500,39.500,nan
-76.000,39.500,nan
-75.500,39.500,nan
-75.000,39.500,nan
-74.500,39.500,nan
-74.000,39.500,2.245
-73.500,39.500,3.613
-73.000,39.500,4.369
-72.500,39.500,4.919
-72.000,39.500,5.329
-71.500,39.500,5.615
-71.000,39.500,5.756
-70.500,39.500,5.801
-70.000,39.500,5.824
-83.000,40.000,nan
-82.500,40.000,nan
-82.000,40.000,nan
-81.500,40.000,nan
-81.000,40.000,nan
-80.500,40.000,nan
-80.000,40.000,nan
-79.500,40.000,nan
-79.000,40.000,nan
-78.500,40.000,nan
-78.000,40.000,nan
-77.500,40.000,nan
-77.000,40.000,nan
-76.500,40.000,nan
-76.000,40.000,nan
-75.500,40.000,nan
-75.000,40.000,nan
-74.500,40.000,nan
-74.000,40.000,2.740
-73.500,40.000,3.326
-73.000,40.000,4.150
-72.500,40.000,4.691
-72.000,40.000,5.082
-71.500,40.000,5.356
-71.000,40.000,5.500
-70.500,40.000,5.559
-70.000,40.000,5.587
-83.000,40.500,nan
-82.500,40.500,nan
-82.000,40.500,nan
-81.500,40.500,nan
-81.000,40.500,nan
-80.500,40.500,nan
-80.000,40.500,nan
-79.500,40.500,nan
-79.000,40.500,nan
-78.500,40.500,nan
-78.000,40.500,nan
-77.500,40.500,nan
-77.000,40.500,nan
-76.500,40.500,nan
-76.000,40.500,nan
-75.500,40.500,nan
-75.000,40.500,nan
-74.500,40.500,nan
-74.000,40.500,nan
-73.500,40.500,nan
-73.000,40.500,3.061
-72.500,40.500,3.783
-72.000,40.500,4.414
-71.500,40.500,4.828
-71.000,40.500,5.040
-70.500,40.500,5.132
-70.000,40.500,5.155
-83.000,41.000,nan
-82.500,41.000,nan
-82.000,41.000,nan
-81.500,41.000,nan
-81.000,41.000,nan
-80.500,41.000,nan
-80.000,41.000,nan
-79.500,41.000,nan
-79.000,41.000,nan
-78.500,41.000,nan
-78.000,41.000,nan
-77.500,41.000,nan
-77.000,41.000,nan
-76.500,41.000,nan
-76.000,41.000,nan
-75.500,41.000,nan
-75.000,41.000,nan
-74.500,41.000,nan
-74.000,41.000,nan
-73.500,41.000,nan
-73.000,41.000,1.298
-72.500,41.000,2.038
-72.000,41.000,3.088
-71.500,41.000,3.932
-71.000,41.000,4.369
-70.500,41.000,4.526
-70.000,41.000,4.487
-83.000,41.500,nan
-82.500,41.500,nan
-82.000,41.500,nan
-81.500,41.500,nan
-81.000,41.500,nan
-80.500,41.500,nan
-80.000,41.500,nan
-79.500,41.500,nan
-79.000,41.500,nan
-78.500,41.500,nan
-78.000,41.500,nan
-77.500,41.500,nan
-77.000,41.500,nan
-76.500,41.500,nan
-76.000,41.500,nan
-75.500,41.500,nan
-75.000,41.500,nan
-74.500,41.500,nan
-74.000,41.500,nan
-73.500,41.500,nan
-73.000,41.500,nan
-72.500,41.500,nan
-72.000,41.500,nan
-71.500,41.500,2.153
-71.000,41.500,3.001
-70.500,41.500,2.235
-70.000,41.500,2.569
-83.000,42.000,nan
-82.500,42.000,nan
-82.000,42.000,nan
-81.500,42.000,nan
-81.000,42.000,nan
-80.500,42.000,nan
-80.000,42.000,nan
-79.500,42.000,nan
-79.000,42.000,nan
-78.500,42.000,nan
-78.000,42.000,nan
-77.500,42.000,nan
-77.000,42.000,nan
-76.500,42.000,nan
-76.000,42.000,nan
-75.500,42.000,nan
-75.000,42.000,nan
-74.500,42.000,nan
-74.000,42.000,nan
-73.500,42.000,nan
-73.000,42.000,nan
-72.500,42.000,nan
-72.000,42.000,nan
-71.500,42.000,nan
-71.000,42.000,nan
-70.500,42.000,1.949
-70.000,42.000,3.003
-83.000,42.500,nan
-82.500,42.500,nan
-82.000,42.500,0.405
-81.500,42.500,1.064
-81.000,42.500,1.413
-80.500,42.500,1.536
-80.000,42.500,nan
-79.500,42.500,nan
-79.000,42.500,nan
-78.500,42.500,nan
-78.000,42.500,nan
-77.500,42.500,nan
-77.000,42.500,nan
-76.500,42.500,nan
-76.000,42.500,nan
-75.500,42.500,nan
-75.000,42.500,nan
-74.500,42.500,nan
-74.000,42.500,nan
-73.500,42.500,nan
-73.000,42.500,nan
-72.500,42.500,nan
-72.000,42.500,nan
-71.500,42.500,nan
-71.000,42.500,nan
-70.500,42.500,2.895
-70.000,42.500,3.706
-83.000,43.000,nan
-82.500,43.000,nan
-82.000,43.000,nan
-81.500,43.000,nan
-81.000,43.000,nan
-80.500,43.000,nan
-80.000,43.000,nan
-79.500,43.000,nan
-79.000,43.000,nan
-78.500,43.000,nan
-78.000,43.000,nan
-77.500,43.000,nan
-77.000,43.000,nan
-76.500,43.000,nan
-76.000,43.000,nan
-75.500,43.000,nan
-75.000,43.000,nan
-74.500,43.000,nan
-74.000,43.000,nan
-73.500,43.000,nan
-73.000,43.000,nan
-72.500,43.000,nan
-72.000,43.000,nan
-71.500,43.000,nan
-71.000,43.000,nan
-70.500,43.000,2.791
-70.000,43.000,3.735
