leg,cum_dist_km,lon,lat,Hs_m,wind_mps,curr_mps,V_service_mps,V_achievable_mps,SOG_mps,brakePower_kW,feasible
0,2.0,139.6523,35.4504,0.963,0.44,0.000,5.71,5.714,5.714,1262.8,1
1,3.9,139.6714,35.4424,0.938,0.32,0.000,5.71,5.714,5.714,1257.0,1
2,4.8,139.6840,35.4353,0.953,0.23,0.000,5.71,5.714,5.714,1261.8,1
3,8.3,139.6871,35.4164,0.974,0.18,0.000,5.71,5.714,5.714,1257.9,1
4,9.4,139.6807,35.4008,0.986,0.33,0.000,5.71,5.714,5.714,1217.1,1
5,12.7,139.6584,35.3947,0.933,0.45,0.000,5.71,5.714,5.714,1204.6,1
6,14.6,139.6497,35.3828,0.941,0.63,0.000,5.71,5.714,5.714,1202.6,1
7,28.8,139.6957,35.3211,0.988,1.35,0.000,5.71,5.714,5.714,1210.2,1
8,30.9,139.7398,35.2571,1.038,1.63,0.000,5.71,5.714,5.714,1219.2,1
9,34.0,139.7389,35.2358,1.013,1.65,0.000,5.71,5.714,5.714,1217.8,1
10,54.0,139.7898,35.1459,1.051,1.61,0.000,5.71,5.714,5.714,1282.1,1
11,57.7,139.8410,35.0534,1.139,2.84,0.000,5.71,5.714,5.714,1317.1,1
12,67.0,139.8000,35.0070,1.118,3.13,0.000,5.71,5.714,5.714,1310.7,1
13,68.1,139.7590,34.9762,1.080,3.11,0.000,5.71,5.714,5.714,1299.4,1
14,69.4,139.7526,34.9703,1.083,3.15,0.000,5.71,5.714,5.714,1300.5,1
15,70.4,139.7547,34.9605,1.096,3.31,0.000,5.71,5.714,5.714,1304.7,1
16,72.4,139.7679,34.9552,1.112,3.51,0.000,5.71,5.714,5.714,1309.9,1
17,78.5,139.8004,34.9331,1.160,4.19,0.000,5.71,5.714,5.714,1325.5,1
18,80.9,139.8325,34.9060,1.214,5.03,0.000,5.71,5.714,5.714,1342.5,1
19,82.1,139.8494,34.9012,1.231,5.34,0.000,5.71,5.714,5.714,1348.2,1
20,84.5,139.8694,34.9019,1.247,5.66,0.000,5.71,5.714,5.714,1352.8,1
21,86.2,139.8919,34.9022,1.266,6.06,0.000,5.71,5.714,5.714,1358.8,1
22,88.6,139.9136,34.9052,1.281,6.41,0.000,5.71,5.714,5.714,1364.0,1
23,90.5,139.9347,34.9130,1.292,6.71,0.000,5.71,5.714,5.714,1367.7,1
24,91.9,139.9477,34.9233,1.294,6.84,0.000,5.71,5.714,5.714,1368.2,1
25,93.6,139.9573,34.9344,1.292,6.91,0.000,5.71,5.714,5.714,1367.3,1
26,95.6,139.9634,34.9501,1.284,6.89,0.000,5.71,5.714,5.714,1364.1,1
27,109.4,140.0101,35.0091,1.323,7.18,0.000,5.71,5.714,5.714,1381.2,1
28,111.3,140.0655,35.0591,1.403,6.97,0.000,5.71,5.714,5.714,1423.1,1
29,114.2,140.0881,35.0675,1.422,7.01,0.000,5.71,5.714,5.714,1433.5,1
30,121.1,140.1282,35.0969,1.443,6.84,0.000,5.71,5.714,5.714,1446.5,1
31,125.1,140.1778,35.1165,1.546,6.86,0.000,5.71,5.714,5.714,1507.6,1
32,128.5,140.2187,35.1137,1.620,7.19,0.000,5.71,5.714,5.714,1554.5,1
33,132.9,140.2581,35.1222,1.684,7.36,0.000,5.71,5.714,5.714,1599.3,1
34,136.8,140.3001,35.1312,1.754,7.67,0.000,5.71,5.714,5.714,1651.6,1
35,138.5,140.3274,35.1364,1.803,7.91,0.000,5.71,5.714,5.714,1690.6,1
36,140.2,140.3320,35.1501,1.776,7.75,0.000,5.71,5.714,5.714,1657.0,1
37,145.0,140.3541,35.1671,1.771,7.76,0.000,5.71,5.714,5.714,1656.7,1
38,147.7,140.3859,35.1865,1.816,7.85,0.000,5.71,5.714,5.714,1695.7,1
39,150.6,140.3965,35.2093,1.835,7.57,0.000,5.71,5.714,5.714,1712.4,1
40,159.4,140.4060,35.2617,1.814,6.76,0.000,5.71,5.714,5.714,1701.4,1
41,162.6,140.4091,35.3151,1.810,6.28,0.000,5.71,5.714,5.714,1707.0,1
42,180.6,140.4141,35.4098,1.793,5.47,0.000,5.71,5.714,5.714,1705.3,1
43,190.6,140.4533,35.5283,1.839,5.25,0.000,5.71,5.714,5.714,1749.2,1
44,215.7,140.6021,35.6243,2.251,6.73,0.000,5.71,5.714,5.714,2108.9,1
45,220.5,140.7458,35.6898,2.675,9.13,0.000,5.71,5.714,5.714,2574.9,1
46,223.7,140.7870,35.7032,2.803,9.96,0.000,5.71,5.714,5.714,2716.8,1
47,228.0,140.8250,35.7023,2.841,10.95,0.000,5.71,5.714,5.714,2751.0,1
48,229.5,140.8538,35.6915,2.866,11.42,0.000,5.71,5.714,5.714,2772.2,1
49,230.7,140.8647,35.6923,2.882,11.50,0.000,5.71,5.714,5.714,2790.1,1
50,233.5,140.8741,35.7086,2.872,11.37,0.000,5.71,5.714,5.714,2771.2,1
51,234.6,140.8768,35.7249,2.859,11.17,0.000,5.71,5.714,5.714,2747.0,1
52,235.6,140.8696,35.7314,2.848,10.94,0.000,5.71,5.714,5.714,2730.0,1
53,246.4,140.8272,35.7711,2.828,9.75,0.000,5.71,5.714,5.714,2695.0,1
54,272.5,140.7177,35.9110,2.697,5.94,0.000,5.71,5.714,5.714,2489.0,1
55,339.7,140.6699,36.3157,2.553,1.82,0.000,5.71,5.714,5.714,2128.2,1
56,380.3,140.8056,36.7772,2.463,2.80,0.000,5.71,5.714,5.714,1957.3,1
57,381.1,140.9215,36.9377,2.453,2.98,0.000,5.71,5.714,5.714,1979.5,1
58,385.4,140.9430,36.9526,2.462,2.95,0.000,5.71,5.714,5.714,1983.3,1
59,389.6,140.9673,36.9840,2.445,2.89,0.000,5.71,5.714,5.714,1956.1,1
60,403.3,140.9898,37.0623,2.382,2.71,0.000,5.71,5.714,5.714,1958.1,1
61,404.5,141.0065,37.1284,2.285,2.70,0.000,5.71,5.714,5.714,1918.6,1
62,416.3,141.0112,37.1869,2.222,2.67,0.000,5.71,5.714,5.714,1884.5,1
63,428.1,141.0253,37.2923,2.115,2.27,0.000,5.71,5.714,5.714,1808.3,1
64,431.7,141.0390,37.3609,2.055,2.17,0.000,5.71,5.714,5.714,1765.7,1
65,461.8,141.0350,37.5126,1.900,2.24,0.000,5.71,5.714,5.714,1640.5,1
66,463.0,141.0267,37.6530,1.852,3.25,0.000,5.71,5.714,5.714,1607.1,1
67,467.5,141.0221,37.6783,1.841,3.48,0.000,5.71,5.714,5.714,1604.8,1
68,468.4,141.0205,37.7027,1.834,3.76,0.000,5.71,5.714,5.714,1603.3,1
69,547.7,141.2905,37.9940,2.027,5.39,0.000,5.71,5.714,5.714,1735.7,1
70,550.0,141.5528,38.2901,2.213,5.95,0.000,5.71,5.714,5.714,1897.5,1
71,551.4,141.5517,38.3041,2.219,5.98,0.000,5.71,5.714,5.714,1904.4,1
72,552.0,141.5594,38.3111,2.221,5.99,0.000,5.71,5.714,5.714,1906.4,1
73,552.6,141.5645,38.3117,2.223,5.99,0.000,5.71,5.714,5.714,1908.8,1
74,553.3,141.5707,38.3089,2.227,5.98,0.000,5.71,5.714,5.714,1912.7,1
75,581.1,141.5803,38.4327,2.333,7.12,0.000,5.71,5.714,5.714,1997.5,1
76,597.4,141.5703,38.6303,2.258,8.98,0.000,5.71,5.714,5.714,1902.1,1
77,598.0,141.5571,38.7011,2.227,9.47,0.000,5.71,5.714,5.714,1866.9,1
78,598.7,141.5631,38.7015,2.232,9.49,0.000,5.71,5.714,5.714,1870.5,1
79,600.5,141.5695,38.7111,2.234,9.49,0.000,5.71,5.714,5.714,1871.2,1
80,601.7,141.5698,38.7237,2.232,9.48,0.000,5.71,5.714,5.714,1868.0,1
81,643.1,141.7114,38.8774,2.231,10.13,0.000,5.71,5.714,5.714,1859.6,1
82,644.3,141.8519,39.0306,2.282,10.60,0.000,5.71,5.714,5.714,1941.1,1
83,653.3,141.8807,39.0664,2.306,10.64,0.000,5.71,5.714,5.714,1968.7,1
84,654.7,141.9111,39.1037,2.295,10.73,0.000,5.71,5.714,5.714,1972.6,1
85,660.3,141.9020,39.1346,2.288,10.55,0.000,5.71,5.714,5.714,1974.0,1
86,662.4,141.9055,39.1647,2.306,10.39,0.000,5.71,5.714,5.714,1987.9,1
87,664.5,141.9210,39.1785,2.329,10.42,0.000,5.71,5.714,5.714,2005.0,1
88,669.5,141.9378,39.2075,2.357,10.36,0.000,5.71,5.714,5.714,2025.4,1
89,679.0,141.9565,39.2703,2.358,10.17,0.000,5.71,5.714,5.714,2020.8,1
90,681.3,141.9737,39.3199,2.369,10.01,0.000,5.71,5.714,5.714,2020.8,1
91,684.0,141.9823,39.3391,2.345,9.71,0.000,5.71,5.714,5.714,1995.5,1
92,691.6,141.9958,39.3833,2.291,8.96,0.000,5.71,5.714,5.714,1943.6,1
93,693.4,142.0211,39.4165,2.217,8.18,0.000,5.71,5.714,5.714,1881.2,1
94,694.4,142.0348,39.4207,2.217,7.96,0.000,5.71,5.714,5.714,1881.2,1
95,696.2,142.0382,39.4321,2.203,7.71,0.000,5.71,5.714,5.714,1870.5,1
96,699.5,142.0484,39.4533,2.181,7.23,0.000,5.71,5.714,5.714,1854.5,1
97,707.0,142.0589,39.4998,2.136,6.79,0.000,5.71,5.714,5.714,1817.4,1
98,707.6,142.0620,39.5349,2.094,6.29,0.000,5.71,5.714,5.714,1784.4,1
99,708.2,142.0670,39.5385,2.093,6.25,0.000,5.71,5.714,5.714,1783.9,1
100,709.2,142.0698,39.5453,2.087,6.16,0.000,5.71,5.714,5.714,1779.3,1
101,709.9,142.0692,39.5533,2.076,6.05,0.000,5.71,5.714,5.714,1771.5,1
102,710.5,142.0661,39.5581,2.067,5.99,0.000,5.71,5.714,5.714,1764.7,1
103,711.0,142.0616,39.5614,2.058,5.94,0.000,5.71,5.714,5.714,1757.9,1
104,714.4,142.0449,39.5735,2.025,5.78,0.000,5.71,5.714,5.714,1733.1,1
105,715.6,142.0291,39.5894,1.988,5.57,0.000,5.71,5.714,5.714,1706.4,1
106,717.6,142.0317,39.6032,1.974,5.40,0.000,5.71,5.714,5.714,1696.8,1
107,719.7,142.0336,39.6206,1.954,5.19,0.000,5.71,5.714,5.714,1684.1,1
108,720.8,142.0336,39.6343,1.938,5.01,0.000,5.71,5.714,5.714,1673.6,1
109,722.9,142.0243,39.6374,1.921,4.95,0.000,5.71,5.714,5.714,1662.0,1
110,731.1,141.9982,39.6714,1.907,4.48,0.000,5.71,5.714,5.714,1652.5,1
111,733.8,141.9876,39.7187,1.846,4.12,0.000,5.71,5.714,5.714,1613.4,1
112,734.4,141.9926,39.7329,1.837,4.02,0.000,5.71,5.714,5.714,1607.8,1
113,735.9,141.9994,39.7402,1.838,3.95,0.000,5.71,5.714,5.714,1607.6,1
114,736.8,142.0068,39.7489,1.778,3.94,0.000,5.71,5.714,5.714,1571.8,1
115,737.6,142.0078,39.7566,1.771,4.00,0.000,5.71,5.714,5.714,1567.6,1
116,738.5,142.0054,39.7639,1.761,4.05,0.000,5.71,5.714,5.714,1561.2,1
117,739.0,142.0044,39.7700,1.754,4.11,0.000,5.71,5.714,5.714,1556.6,1
118,739.6,142.0036,39.7751,1.747,4.15,0.000,5.71,5.714,5.714,1552.9,1
119,746.8,141.9905,39.8084,1.761,4.27,0.000,5.71,5.714,5.714,1560.4,1
120,748.2,141.9771,39.8458,1.710,4.34,0.000,5.71,5.714,5.714,1532.0,1
121,751.7,141.9736,39.8676,1.686,4.38,0.000,5.71,5.714,5.714,1519.0,1
122,752.8,141.9690,39.8874,1.662,4.43,0.000,5.71,5.714,5.714,1506.4,1
123,753.7,141.9627,39.8951,1.646,4.46,0.000,5.71,5.714,5.714,1498.4,1
124,759.8,141.9603,39.9260,1.616,4.54,0.000,5.71,5.714,5.714,1483.0,1
125,761.0,141.9605,39.9590,1.589,4.65,0.000,5.71,5.714,5.714,1469.2,1
126,762.3,141.9575,39.9696,1.576,4.71,0.000,5.71,5.714,5.714,1462.8,1
127,764.7,141.9524,39.9857,1.556,4.82,0.000,5.71,5.714,5.714,1453.1,1
128,765.6,141.9454,39.9990,1.608,4.92,0.000,5.71,5.714,5.714,1478.1,1
129,766.6,141.9358,40.0028,1.596,4.99,0.000,5.71,5.714,5.714,1472.2,1
130,780.8,141.8889,40.0596,1.675,5.76,0.000,5.71,5.714,5.714,1508.3,1
131,782.9,141.8567,40.1212,1.727,6.62,0.000,5.71,5.714,5.714,1532.1,1
132,784.5,141.8716,40.1333,1.769,6.82,0.000,5.71,5.714,5.714,1554.3,1
133,787.0,141.8711,40.1495,1.801,7.06,0.000,5.71,5.714,5.714,1571.1,1
134,788.3,141.8589,40.1635,1.815,7.24,0.000,5.71,5.714,5.714,1579.1,1
135,790.8,141.8394,40.1715,1.870,7.33,0.000,5.71,5.714,5.714,1611.1,1
136,794.7,141.8252,40.1933,1.903,7.61,0.000,5.71,5.714,5.714,1630.8,1
137,795.7,141.8294,40.2127,1.952,7.92,0.000,5.71,5.714,5.714,1661.1,1
138,797.1,141.8381,40.2201,1.980,8.09,0.000,5.71,5.714,5.714,1678.7,1
139,800.1,141.8362,40.2385,2.022,8.38,0.000,5.71,5.714,5.714,1706.7,1
140,805.0,141.8169,40.2706,2.085,8.79,0.000,5.71,5.714,5.714,1752.3,1
141,807.4,141.7946,40.2984,2.193,9.02,0.000,5.71,5.714,5.714,1834.4,1
142,808.5,141.7821,40.3112,2.233,9.11,0.000,5.71,5.714,5.714,1960.5,1
143,809.9,141.7770,40.3215,2.255,9.22,0.000,5.71,5.714,5.714,1983.1,1
144,810.6,141.7742,40.3308,2.277,9.32,0.000,5.71,5.714,5.714,2005.2,1
145,813.6,141.7657,40.3464,2.308,9.48,0.000,5.71,5.714,5.714,2038.7,1
146,814.9,141.7561,40.3642,2.238,9.65,0.000,5.71,5.714,5.714,1975.1,1
147,816.7,141.7487,40.3767,2.261,9.76,0.000,5.71,5.714,5.714,1999.4,1
148,818.5,141.7349,40.3889,2.273,9.81,0.000,5.71,5.714,5.714,2015.4,1
149,820.7,141.7226,40.4033,2.188,9.88,0.000,5.71,5.714,5.714,1939.7,1
150,824.8,141.7050,40.4276,2.224,10.02,0.000,5.71,5.714,5.714,1978.5,1
151,826.1,141.6860,40.4466,2.236,10.00,0.000,5.71,5.714,5.714,1994.6,1
152,833.5,141.6524,40.4762,2.140,9.88,0.000,5.71,5.714,5.714,1913.2,1
153,837.2,141.6065,40.5117,2.029,9.61,0.000,5.71,5.714,5.714,1826.9,1
154,838.5,141.5857,40.5275,2.023,9.51,0.000,5.71,5.714,5.714,1826.3,1
155,839.7,141.5788,40.5375,2.033,9.54,0.000,5.71,5.714,5.714,1835.3,1
156,841.1,141.5675,40.5408,2.018,9.42,0.000,5.71,5.714,5.714,1825.1,1
157,842.4,141.5538,40.5355,1.979,9.16,0.000,5.71,5.714,5.714,1796.3,1
158,860.4,141.4928,40.6009,2.098,9.09,0.000,5.71,5.714,5.714,1896.3,1
159,866.7,141.4303,40.6980,2.272,9.54,0.000,5.71,5.714,5.714,2057.0,1
160,877.0,141.4144,40.7713,2.361,10.33,0.000,5.71,5.714,5.714,2146.2,1
161,888.7,141.3993,40.8693,2.596,11.72,0.000,5.71,5.714,5.714,2383.1,1
162,890.0,141.3917,40.9278,2.666,12.60,0.000,5.71,5.714,5.714,2468.0,1
163,907.6,141.3933,41.0128,2.772,13.83,0.000,5.71,5.714,5.714,2597.8,1
164,908.8,141.3955,41.0973,2.780,14.43,0.000,5.71,5.714,5.714,2587.1,1
165,910.3,141.3946,41.1097,2.782,14.51,0.000,5.71,5.714,5.714,2585.0,1
166,911.6,141.3964,41.1223,2.788,14.60,0.000,5.71,5.714,5.714,2588.0,1
167,912.8,141.3964,41.1332,2.791,14.67,0.000,5.71,5.714,5.714,2587.4,1
168,915.4,141.3927,41.1496,2.787,14.74,0.000,5.71,5.714,5.714,2578.8,1
169,922.1,141.3973,41.1908,2.803,14.97,0.000,5.71,5.714,5.714,2581.7,1
170,923.2,141.4040,41.2256,2.731,15.14,0.000,5.71,5.714,5.714,2501.7,1
171,926.1,141.4066,41.2437,2.739,15.21,0.000,5.71,5.714,5.714,2503.1,1
172,932.4,141.4164,41.2847,2.735,14.89,0.000,5.71,5.714,5.714,2485.1,1
173,934.5,141.4279,41.3214,2.724,14.51,0.000,5.71,5.714,5.714,2461.4,1
174,936.9,141.4359,41.3406,2.720,14.31,0.000,5.71,5.714,5.714,2449.3,1
175,981.4,141.6488,41.4752,2.683,13.16,0.000,5.71,5.714,5.714,2338.7,1
176,1094.8,142.5299,41.6809,2.803,13.68,0.000,5.71,5.714,5.714,2340.1,1
177,1174.8,143.4897,42.0520,1.927,5.22,0.000,5.71,5.714,5.714,1676.9,1
178,1288.2,144.4595,42.4119,1.733,2.64,0.000,5.71,5.714,5.714,1579.6,1
179,1368.3,145.4417,42.7669,1.794,6.87,0.000,5.71,5.714,5.714,1562.8,1
180,1401.5,145.8675,43.1693,1.772,8.84,0.000,5.71,5.714,5.714,1550.8,1
181,1415.2,146.0120,43.3474,1.827,9.38,0.000,5.71,5.714,5.714,1593.7,1
182,1416.3,146.0355,43.4049,1.856,9.26,0.000,5.71,5.714,5.714,1600.9,1
183,1416.6,146.0429,43.4025,1.860,9.26,0.000,5.71,5.714,5.714,1602.2,1
184,1418.4,146.0511,43.4095,1.867,9.25,0.000,5.71,5.714,5.714,1604.3,1
185,1419.0,146.0607,43.4171,1.875,9.25,0.000,5.71,5.714,5.714,1606.6,1
186,1420.4,146.0725,43.4171,1.881,9.24,0.000,5.71,5.714,5.714,1609.4,1
187,1421.0,146.0832,43.4181,1.885,9.21,0.000,5.71,5.714,5.714,1612.6,1
188,1422.1,146.0890,43.4245,1.887,9.17,0.000,5.71,5.714,5.714,1614.6,1
189,1422.6,146.0945,43.4305,1.889,9.14,0.000,5.71,5.714,5.714,1616.6,1
190,1423.1,146.0998,43.4325,1.892,9.12,0.000,5.71,5.714,5.714,1618.3,1
191,1423.8,146.1036,43.4359,1.893,9.09,0.000,5.71,5.714,5.714,1619.5,1
192,1424.8,146.1018,43.4429,1.890,9.03,0.000,5.71,5.714,5.714,1619.1,1
193,1428.1,146.1167,43.4550,1.895,8.93,0.000,5.71,5.714,5.714,1623.9,1
194,1429.5,146.1430,43.4629,1.905,8.86,0.000,5.71,5.714,5.714,1631.7,1
195,1434.7,146.1805,43.4731,1.918,8.77,0.000,5.71,5.714,5.714,1642.5,1
196,1436.7,146.2070,43.4923,1.925,8.63,0.000,5.71,5.714,5.714,1649.3,1
197,1438.2,146.2098,43.5067,1.926,8.54,0.000,5.71,5.714,5.714,1651.3,1
198,1439.5,146.2207,43.5165,1.935,8.52,0.000,5.71,5.714,5.714,1656.8,1
199,1440.7,146.2281,43.5261,1.941,8.50,0.000,5.71,5.714,5.714,1661.1,1
200,1454.5,146.2907,43.5744,1.980,8.64,0.000,5.71,5.714,5.714,1688.8,1
201,1534.5,146.8400,43.6834,2.212,10.16,0.000,5.71,5.714,5.714,1827.2,1
202,1647.7,147.7383,44.1643,2.463,10.69,0.000,5.71,5.714,5.714,2039.3,1
203,1760.9,148.5704,44.9913,2.283,8.79,0.000,5.71,5.714,5.714,1882.2,1
204,1841.1,149.4995,45.4560,2.968,9.54,0.000,5.71,5.714,5.714,2868.3,1
205,1921.3,150.5155,45.5572,2.423,7.60,0.000,5.71,5.714,5.714,2023.4,1
206,2001.5,151.5350,45.6495,2.876,9.39,0.000,5.71,5.714,5.714,2566.4,1
207,2114.8,152.6105,45.3752,2.748,9.83,0.000,5.71,5.714,5.714,2353.4,1
208,2228.1,153.7278,44.7332,2.537,7.89,0.000,5.71,5.714,5.714,2181.8,1
209,2341.4,154.8206,44.0806,2.399,7.79,0.000,5.71,5.714,5.714,2096.2,1
210,2421.6,155.8578,43.7767,2.632,9.48,0.000,5.71,5.714,5.714,2265.5,1
211,2501.8,156.8525,43.8225,2.703,9.33,0.000,5.71,5.714,5.714,2335.2,1
212,2582.0,157.8486,43.8595,2.818,10.10,0.000,5.71,5.714,5.714,2431.5,1
213,2662.2,158.8458,43.8878,2.822,9.27,0.000,5.71,5.714,5.714,2439.9,1
214,2742.5,159.8438,43.9072,2.807,9.45,0.000,5.71,5.714,5.714,2425.2,1
215,2822.7,160.8423,43.9179,2.670,8.08,0.000,5.71,5.714,5.714,2281.9,1
216,2902.9,161.8410,43.9197,2.444,5.14,0.000,5.71,5.714,5.714,2084.8,1
217,2983.1,162.8396,43.9127,2.280,4.11,0.000,5.71,5.714,5.714,1986.8,1
218,3063.3,163.8378,43.8969,2.123,3.27,0.000,5.71,5.714,5.714,1870.6,1
219,3143.5,164.8354,43.8724,1.996,5.66,0.000,5.71,5.714,5.714,1747.3,1
220,3223.7,165.8319,43.8390,1.895,9.26,0.000,5.71,5.714,5.714,1655.7,1
221,3303.9,166.8272,43.7969,2.022,10.60,0.000,5.71,5.714,5.714,1798.5,1
222,3384.1,167.8210,43.7460,2.556,12.74,0.000,5.71,5.714,5.714,2410.3,1
223,3464.4,168.8129,43.6864,2.800,12.60,0.000,5.71,5.714,5.714,2640.7,1
224,3544.6,169.8027,43.6182,2.895,12.08,0.000,5.71,5.714,5.714,2689.6,1
225,3624.8,170.7901,43.5413,3.005,12.30,0.000,5.71,5.714,5.714,2763.5,1
226,3705.0,171.7748,43.4559,2.965,13.03,0.000,5.71,5.714,5.714,2693.9,1
227,3785.2,172.7565,43.3619,3.386,14.27,0.000,5.71,5.714,5.714,3335.6,1
228,3865.4,173.7351,43.2594,3.585,14.41,0.000,5.71,5.714,5.714,3670.6,1
229,3945.6,174.7103,43.1485,3.773,14.67,0.000,5.71,5.714,5.714,4044.4,1
230,4025.8,175.6817,43.0292,3.689,13.31,0.000,5.71,5.714,5.714,3958.4,1
231,4106.0,176.6492,42.9017,3.539,11.98,0.000,5.71,5.714,5.714,3866.4,1
232,4186.2,177.6126,42.7659,3.588,10.71,0.000,5.71,5.714,5.714,4621.4,1
233,4245.3,178.4492,42.6543,3.534,10.56,0.000,5.71,5.714,5.714,4638.3,1
234,4287.6,178.9111,42.7865,3.546,10.40,0.000,5.71,5.714,5.714,4702.5,1
235,4400.9,179.5084,42.6027,3.542,11.00,0.000,5.71,5.714,5.714,4503.8,1
236,4443.8,180.0000,42.4383,3.537,11.31,0.000,5.71,5.714,5.714,4284.0,1
237,4499.2,180.0000,42.3823,3.398,6.38,0.000,5.71,5.714,5.714,4134.7,1
238,4554.6,180.0000,41.8837,3.235,7.13,0.000,5.71,5.714,5.714,3573.8,1
239,4554.6,0.0000,41.6343,0.000,0.00,0.000,5.71,5.714,5.548,1117.6,1
240,4609.9,-180.0000,41.8837,3.242,6.19,0.000,5.71,5.714,5.714,3656.5,1
241,4665.3,-180.0000,42.3823,3.203,5.22,0.000,5.71,5.714,5.714,3821.0,1
242,4720.7,-180.0000,42.8809,3.171,4.32,0.000,5.71,5.714,5.714,3789.4,1
243,4776.1,-180.0000,43.3795,3.160,4.25,0.000,5.71,5.714,5.714,3860.7,1
244,4831.5,-180.0000,43.8781,3.219,3.47,0.000,5.71,5.714,5.714,4116.9,1
245,4886.9,-180.0000,44.3767,3.236,5.06,0.000,5.71,5.714,5.714,4180.7,1
246,5866.4,-176.4779,48.3580,2.884,12.51,0.000,5.71,5.714,5.714,2130.8,1
247,8694.7,-152.0367,52.0738,1.554,7.13,0.000,5.71,5.714,5.714,1460.5,1
248,8696.5,-131.1153,52.0500,1.430,6.46,0.000,5.71,5.714,5.714,1339.7,1
249,8699.3,-131.1014,52.0317,1.440,6.49,0.000,5.71,5.714,5.714,1342.7,1
250,8702.0,-131.1012,52.0115,1.451,6.47,0.000,5.71,5.714,5.714,1345.3,1
251,8706.4,-131.0935,51.9856,1.465,6.52,0.000,5.71,5.714,5.714,1350.5,1
252,8708.8,-131.0625,51.9615,1.477,6.70,0.000,5.71,5.714,5.714,1356.2,1
253,8710.8,-131.0373,51.9501,1.482,6.83,0.000,5.71,5.714,5.714,1359.4,1
254,9646.8,-127.5211,48.4370,2.608,9.91,0.000,5.71,5.714,5.714,2263.7,1
255,9649.6,-124.0250,44.9162,2.010,3.30,0.000,5.71,5.714,5.714,1968.5,1
256,9650.4,-124.0323,44.9011,2.007,3.25,0.000,5.71,5.714,5.714,1966.0,1
257,9654.9,-124.0396,44.8779,2.014,3.17,0.000,5.71,5.714,5.714,1974.1,1
258,9659.0,-124.0558,44.8408,2.019,3.07,0.000,5.71,5.714,5.714,1980.2,1
259,9664.2,-124.0693,44.8005,2.011,2.97,0.000,5.71,5.714,5.714,1971.9,1
260,9670.0,-124.0659,44.7519,2.007,2.79,0.000,5.71,5.714,5.714,1968.2,1
261,9675.9,-124.0682,44.7005,2.003,2.67,0.000,5.71,5.714,5.714,1966.4,1
262,9676.3,-124.0763,44.6739,2.008,2.64,0.000,5.71,5.714,5.714,1973.3,1
263,9677.9,-124.0663,44.6682,2.004,2.58,0.000,5.71,5.714,5.714,1968.8,1
264,9681.5,-124.0627,44.6478,2.007,2.53,0.000,5.71,5.714,5.714,1974.0,1
265,9682.8,-124.0691,44.6263,2.003,2.54,0.000,5.71,5.714,5.714,1969.8,1
266,9684.2,-124.0670,44.6150,1.999,2.52,0.000,5.71,5.714,5.714,1966.0,1
267,9696.7,-124.0738,44.5538,2.121,2.55,0.000,5.71,5.714,5.714,2109.5,1
268,9706.3,-124.0844,44.4549,2.113,2.54,0.000,5.71,5.714,5.714,2100.8,1
269,9709.2,-124.0866,44.3986,2.108,2.47,0.000,5.71,5.714,5.714,2094.9,1
270,9718.1,-124.1015,44.3464,2.099,2.48,0.000,5.71,5.714,5.714,2084.6,1
271,9724.6,-124.1141,44.2782,2.094,2.57,0.000,5.71,5.714,5.714,2078.2,1
272,9741.3,-124.1201,44.1743,2.084,2.57,0.000,5.71,5.714,5.714,2068.3,1
273,9747.4,-124.1298,44.0719,2.075,2.36,0.000,5.71,5.714,5.714,2060.8,1
274,9748.8,-124.1335,44.0381,2.072,2.28,0.000,5.71,5.714,5.714,2058.4,1
275,9753.4,-124.1353,44.0112,2.069,2.21,0.000,5.71,5.714,5.714,2056.5,1
276,9754.4,-124.1385,43.9862,2.068,2.25,0.000,5.71,5.714,5.714,2055.2,1
277,9756.3,-124.1410,43.9733,2.067,2.28,0.000,5.71,5.714,5.714,2054.8,1
278,9802.6,-124.1887,43.7593,2.054,2.73,0.000,5.71,5.714,5.714,2042.8,1
279,9827.9,-124.2960,43.4490,2.024,3.36,0.000,5.71,5.714,5.714,2011.4,1
280,9828.2,-124.3582,43.3432,1.995,3.98,0.000,5.71,5.714,5.714,1982.7,1
281,9829.6,-124.3682,43.3413,1.995,4.06,0.000,5.71,5.714,5.714,1982.7,1
282,9830.9,-124.3809,43.3352,1.994,4.16,0.000,5.71,5.714,5.714,1982.0,1
283,9833.5,-124.3933,43.3201,1.992,4.29,0.000,5.71,5.714,5.714,1979.8,1
284,9852.2,-124.4099,43.2261,1.966,4.50,0.000,5.71,5.714,5.714,1955.2,1
285,9854.8,-124.4215,43.1307,1.945,4.53,0.000,5.71,5.714,5.714,1937.6,1
286,9859.8,-124.4296,43.0971,1.939,4.57,0.000,5.71,5.714,5.714,1932.8,1
287,9867.0,-124.4445,43.0431,1.930,4.64,0.000,5.71,5.714,5.714,1925.5,1
288,9869.2,-124.4590,43.0022,1.913,4.72,0.000,5.71,5.714,5.714,1909.7,1
289,9876.6,-124.4781,42.9614,1.905,4.92,0.000,5.71,5.714,5.714,1902.9,1
290,9888.8,-124.5296,42.8819,1.882,5.23,0.000,5.71,5.714,5.714,1884.6,1
291,9891.9,-124.5528,42.8251,1.872,5.32,0.000,5.71,5.714,5.714,1878.7,1
292,9893.3,-124.5355,42.8101,1.863,5.33,0.000,5.71,5.714,5.714,1870.5,1
293,9899.6,-124.5235,42.7763,1.850,5.31,0.000,5.71,5.714,5.714,1860.0,1
294,9901.2,-124.5102,42.7426,1.837,5.27,0.000,5.71,5.714,5.714,1848.9,1
295,9902.3,-124.4987,42.7371,1.847,5.26,0.000,5.71,5.714,5.714,1859.1,1
296,9906.7,-124.4793,42.7201,1.836,5.18,0.000,5.71,5.714,5.714,1849.4,1
297,9908.7,-124.4606,42.6947,1.823,5.10,0.000,5.71,5.714,5.714,1838.1,1
298,9910.2,-124.4477,42.6825,1.831,5.04,0.000,5.71,5.714,5.714,1847.0,1
299,9911.6,-124.4335,42.6748,1.824,4.97,0.000,5.71,5.714,5.714,1840.9,1
300,9914.9,-124.4174,42.6582,1.814,4.89,0.000,5.71,5.714,5.714,1832.2,1
301,9920.5,-124.4060,42.6200,1.799,4.79,0.000,5.71,5.714,5.714,1819.8,1
302,9921.6,-124.4008,42.5902,1.789,4.71,0.000,5.71,5.714,5.714,1810.8,1
303,9927.5,-124.4005,42.5592,1.780,4.66,0.000,5.71,5.714,5.714,1803.0,1
304,9932.4,-124.4117,42.5120,1.770,4.66,0.000,5.71,5.714,5.714,1794.7,1
305,9938.3,-124.4302,42.4651,1.781,4.58,0.000,5.71,5.714,5.714,1803.6,1
306,9943.2,-124.4336,42.4179,1.791,4.31,0.000,5.71,5.714,5.714,1811.5,1
307,9948.4,-124.4290,42.3731,1.798,4.01,0.000,5.71,5.714,5.714,1816.7,1
308,9950.6,-124.4317,42.3394,1.805,3.81,0.000,5.71,5.714,5.714,1822.3,1
309,9951.8,-124.4304,42.3247,1.807,3.72,0.000,5.71,5.714,5.714,1824.0,1
310,9952.2,-124.4256,42.3189,1.807,3.67,0.000,5.71,5.714,5.714,1823.5,1
311,9958.8,-124.4168,42.2883,1.811,3.46,0.000,5.71,5.714,5.714,1825.7,1
312,9960.0,-124.4114,42.2539,1.816,3.39,0.000,5.71,5.714,5.714,1829.0,1
313,9961.7,-124.4038,42.2442,1.816,3.35,0.000,5.71,5.714,5.714,1828.4,1
314,9966.7,-124.3857,42.2180,1.828,3.23,0.000,5.71,5.714,5.714,1838.4,1
315,9972.0,-124.3712,42.1734,1.833,3.10,0.000,5.71,5.714,5.714,1840.9,1
316,9976.1,-124.3629,42.1315,1.840,3.03,0.000,5.71,5.714,5.714,1844.7,1
317,9978.0,-124.3550,42.1055,1.843,3.00,0.000,5.71,5.714,5.714,1846.9,1
318,9979.4,-124.3432,42.0947,1.851,2.97,0.000,5.71,5.714,5.714,1853.5,1
319,10141.8,-124.3277,41.3601,1.787,4.05,0.000,5.71,5.714,5.714,1792.9,1
320,10143.1,-124.3208,40.6230,1.744,3.11,0.000,5.71,5.714,5.714,1756.1,1
321,10148.1,-124.3360,40.5976,1.745,3.13,0.000,5.71,5.714,5.714,1755.8,1
322,10149.9,-124.3540,40.5704,1.739,3.16,0.000,5.71,5.714,5.714,1749.8,1
323,10156.3,-124.3719,40.5363,1.739,3.17,0.000,5.71,5.714,5.714,1749.2,1
324,10161.2,-124.3909,40.4874,1.740,3.17,0.000,5.71,5.714,5.714,1748.6,1
325,10163.9,-124.4026,40.4546,1.736,3.21,0.000,5.71,5.714,5.714,1744.2,1
326,10167.1,-124.4037,40.4298,1.737,3.28,0.000,5.71,5.714,5.714,1744.5,1
327,10175.5,-124.3814,40.3803,1.742,3.36,0.000,5.71,5.714,5.714,1748.0,1
328,10184.8,-124.3641,40.3031,1.743,3.62,0.000,5.71,5.714,5.714,1746.2,1
329,10187.6,-124.3530,40.2518,1.744,3.82,0.000,5.71,5.714,5.714,1745.4,1
330,10190.3,-124.3310,40.2333,1.748,3.85,0.000,5.71,5.714,5.714,1748.1,1
331,10197.3,-124.2879,40.2045,1.748,3.90,0.000,5.71,5.714,5.714,1748.7,1
332,10205.9,-124.2209,40.1570,1.600,3.99,0.000,5.71,5.714,5.714,1599.0,1
333,10254.5,-124.0113,39.9562,1.465,3.78,0.000,5.71,5.714,5.714,1497.8,1
334,10256.9,-123.8374,39.7723,1.517,3.50,0.000,5.71,5.714,5.714,1543.0,1
335,10260.8,-123.8338,39.7441,1.521,3.54,0.000,5.71,5.714,5.714,1546.5,1
336,10303.0,-123.8275,39.5369,1.561,3.77,0.000,5.71,5.714,5.714,1582.5,1
337,10307.9,-123.8157,39.3260,1.594,4.14,0.000,5.71,5.714,5.714,1616.7,1
338,10310.8,-123.8048,39.2919,1.597,4.19,0.000,5.71,5.714,5.714,1619.8,1
339,10312.3,-123.7969,39.2743,1.612,4.21,0.000,5.71,5.714,5.714,1634.0,1
340,10317.7,-123.7842,39.2459,1.612,4.25,0.000,5.71,5.714,5.714,1635.1,1
341,10321.0,-123.7729,39.2081,1.615,4.35,0.000,5.71,5.714,5.714,1637.5,1
342,10327.2,-123.7528,39.1685,1.615,4.40,0.000,5.71,5.714,5.714,1638.0,1
343,10331.8,-123.7253,39.1247,1.626,4.34,0.000,5.71,5.714,5.714,1648.6,1
344,10348.0,-123.7191,39.0333,1.635,4.32,0.000,5.71,5.714,5.714,1656.3,1
345,10349.6,-123.7339,38.9580,1.645,4.42,0.000,5.71,5.714,5.714,1663.6,1
346,10354.0,-123.7344,38.9371,1.646,4.39,0.000,5.71,5.714,5.714,1664.5,1
347,10364.2,-123.6873,38.8841,1.649,4.21,0.000,5.71,5.714,5.714,1667.0,1
348,10371.0,-123.6212,38.8277,1.533,4.05,0.000,5.71,5.714,5.714,1557.5,1
349,10374.9,-123.5765,38.7944,1.509,3.96,0.000,5.71,5.714,5.714,1539.9,1
350,10380.0,-123.5411,38.7649,1.501,3.93,0.000,5.71,5.714,5.714,1534.7,1
351,10401.2,-123.4446,38.6737,1.535,3.70,0.000,5.71,5.714,5.714,1562.3,1
352,10405.7,-123.3514,38.5840,1.486,3.30,0.000,5.71,5.714,5.714,1528.4,1
353,10409.2,-123.3208,38.5581,1.513,3.23,0.000,5.71,5.714,5.714,1549.5,1
354,10415.4,-123.2786,38.5298,1.535,3.10,0.000,5.71,5.714,5.714,1568.0,1
355,10429.2,-123.1886,38.4741,1.484,2.70,0.000,5.71,5.714,5.714,1529.8,1
356,10434.5,-123.1102,38.4167,1.486,2.42,0.000,5.71,5.714,5.714,1533.7,1
357,10437.5,-123.0874,38.3840,1.515,2.38,0.000,5.71,5.714,5.714,1588.7,1
358,10439.0,-123.0750,38.3660,1.513,2.36,0.000,5.71,5.714,5.714,1587.1,1
359,10443.2,-123.0734,38.3412,1.508,2.35,0.000,5.71,5.714,5.714,1583.9,1
360,10446.4,-123.0692,38.3092,1.508,2.34,0.000,5.71,5.714,5.714,1582.7,1
361,10479.4,-123.0392,38.1483,1.487,2.69,0.000,5.71,5.714,5.714,1564.8,1
362,10479.9,-123.0188,38.0006,1.477,3.35,0.000,5.71,5.714,5.714,1552.2,1
363,10480.7,-123.0245,37.9975,1.473,3.36,0.000,5.71,5.714,5.714,1550.4,1
364,10481.6,-123.0226,37.9940,1.473,3.37,0.000,5.71,5.714,5.714,1549.8,1
365,10514.1,-123.0098,37.8473,1.477,3.88,0.000,5.71,5.714,5.714,1544.6,1
366,10666.0,-122.4722,37.1637,1.344,2.24,0.000,5.71,5.714,5.714,1446.2,1
367,10667.8,-121.9495,36.6203,1.417,2.92,0.000,5.71,5.714,5.714,1482.9,1
368,10668.3,-121.9581,36.6128,1.421,2.98,0.000,5.71,5.714,5.714,1485.5,1
369,10669.5,-121.9619,36.6060,1.423,3.01,0.000,5.71,5.714,5.714,1487.0,1
370,10670.5,-121.9653,36.5963,1.399,3.03,0.000,5.71,5.714,5.714,1471.6,1
371,10672.1,-121.9739,36.5879,1.403,3.08,0.000,5.71,5.714,5.714,1474.3,1
372,10673.1,-121.9796,36.5792,1.407,3.12,0.000,5.71,5.714,5.714,1476.5,1
373,10674.1,-121.9740,36.5718,1.406,3.09,0.000,5.71,5.714,5.714,1476.3,1
374,10675.9,-121.9620,36.5642,1.404,3.01,0.000,5.71,5.714,5.714,1474.8,1
375,10679.9,-121.9510,36.5416,1.377,2.92,0.000,5.71,5.714,5.714,1458.4,1
376,10680.5,-121.9518,36.5232,1.381,2.88,0.000,5.71,5.714,5.714,1461.1,1
377,10681.1,-121.9561,36.5202,1.383,2.90,0.000,5.71,5.714,5.714,1462.4,1
378,10681.9,-121.9533,36.5159,1.383,2.87,0.000,5.71,5.714,5.714,1462.4,1
379,10683.3,-121.9464,36.5085,1.410,2.81,0.000,5.71,5.714,5.714,1479.1,1
380,10684.5,-121.9448,36.4974,1.388,2.78,0.000,5.71,5.714,5.714,1467.8,1
381,10685.2,-121.9455,36.4890,1.390,2.74,0.000,5.71,5.714,5.714,1469.2,1
382,10687.2,-121.9414,36.4772,1.392,2.67,0.000,5.71,5.714,5.714,1470.0,1
383,10689.6,-121.9335,36.4580,1.393,2.55,0.000,5.71,5.714,5.714,1471.2,1
384,10693.4,-121.9233,36.4317,1.395,2.40,0.000,5.71,5.714,5.714,1472.9,1
385,10694.8,-121.9161,36.4093,1.398,2.29,0.000,5.71,5.714,5.714,1474.6,1
386,10696.6,-121.9103,36.3958,1.399,2.23,0.000,5.71,5.714,5.714,1475.5,1
387,10697.8,-121.9061,36.3828,1.400,2.17,0.000,5.71,5.714,5.714,1476.5,1
388,10698.4,-121.9060,36.3744,1.402,2.16,0.000,5.71,5.714,5.714,1477.6,1
389,10699.5,-121.9047,36.3669,1.403,2.14,0.000,5.71,5.714,5.714,1478.3,1
390,10700.6,-121.9024,36.3574,1.405,2.12,0.000,5.71,5.714,5.714,1479.2,1
391,10701.6,-121.8995,36.3483,1.420,2.09,0.000,5.71,5.714,5.714,1490.0,1
392,10703.4,-121.8975,36.3359,1.422,2.07,0.000,5.71,5.714,5.714,1491.2,1
393,10706.0,-121.8984,36.3162,1.426,2.06,0.000,5.71,5.714,5.714,1493.8,1
394,10708.8,-121.8866,36.2972,1.427,2.01,0.000,5.71,5.714,5.714,1494.0,1
395,10710.0,-121.8684,36.2866,1.424,1.96,0.000,5.71,5.714,5.714,1492.0,1
396,10712.0,-121.8543,36.2778,1.422,1.92,0.000,5.71,5.714,5.714,1490.7,1
397,10713.6,-121.8427,36.2659,1.434,1.89,0.000,5.71,5.714,5.714,1499.7,1
398,10714.7,-121.8378,36.2543,1.435,1.89,0.000,5.71,5.714,5.714,1500.2,1
399,10716.2,-121.8302,36.2442,1.435,1.87,0.000,5.71,5.714,5.714,1500.0,1
400,10717.7,-121.8176,36.2358,1.434,1.85,0.000,5.71,5.714,5.714,1498.9,1
401,10720.4,-121.7959,36.2294,1.442,1.83,0.000,5.71,5.714,5.714,1505.2,1
402,10723.4,-121.7677,36.2189,1.437,1.84,0.000,5.71,5.714,5.714,1501.3,1
403,10730.4,-121.7238,36.1916,1.443,1.91,0.000,5.71,5.714,5.714,1505.5,1
404,10734.9,-121.6757,36.1572,1.450,2.00,0.000,5.71,5.714,5.714,1509.7,1
405,10742.3,-121.6380,36.1135,1.461,2.13,0.000,5.71,5.714,5.714,1516.4,1
406,10746.7,-121.6054,36.0675,1.464,2.20,0.000,5.71,5.714,5.714,1516.3,1
407,10748.6,-121.5875,36.0433,1.475,2.25,0.000,5.71,5.714,5.714,1524.0,1
408,10750.8,-121.5745,36.0281,1.475,2.29,0.000,5.71,5.714,5.714,1523.6,1
409,10755.0,-121.5447,36.0151,1.481,2.34,0.000,5.71,5.714,5.714,1527.8,1
410,10759.2,-121.5063,35.9962,1.477,2.42,0.000,5.71,5.714,5.714,1523.8,1
411,10761.1,-121.4884,35.9740,1.451,2.47,0.000,5.71,5.714,5.714,1493.6,1
412,10765.0,-121.4826,35.9487,1.444,2.51,0.000,5.71,5.714,5.714,1489.8,1
413,10770.1,-121.4708,35.9092,1.443,2.58,0.000,5.71,5.714,5.714,1489.7,1
414,10772.8,-121.4526,35.8780,1.432,2.64,0.000,5.71,5.714,5.714,1482.8,1
415,10776.9,-121.4255,35.8566,1.423,2.68,0.000,5.71,5.714,5.714,1477.3,1
416,10780.1,-121.3980,35.8327,1.406,2.71,0.000,5.71,5.714,5.714,1467.2,1
417,10786.1,-121.3622,35.8040,1.395,2.79,0.000,5.71,5.714,5.714,1460.7,1
418,10794.4,-121.3259,35.7501,1.379,2.94,0.000,5.71,5.714,5.714,1451.7,1
419,10795.2,-121.3118,35.7107,1.370,3.12,0.000,5.71,5.714,5.714,1446.5,1
420,10796.7,-121.3037,35.7026,1.368,3.16,0.000,5.71,5.714,5.714,1445.4,1
421,10800.5,-121.2934,35.6812,1.358,3.27,0.000,5.71,5.714,5.714,1439.0,1
422,10802.2,-121.2787,35.6645,1.354,3.33,0.000,5.71,5.714,5.714,1437.1,1
423,10836.1,-121.1705,35.5345,1.299,3.56,0.000,5.71,5.714,5.714,1405.6,1
424,10861.5,-120.9790,35.3193,1.279,3.97,0.000,5.71,5.714,5.714,1402.3,1
425,10862.9,-120.8814,35.2288,1.302,4.23,0.000,5.71,5.714,5.714,1419.0,1
426,10866.3,-120.8632,35.2134,1.300,4.26,0.000,5.71,5.714,5.714,1419.0,1
427,10875.3,-120.8077,35.1816,1.305,4.33,0.000,5.71,5.714,5.714,1424.6,1
428,10875.8,-120.7625,35.1597,1.329,4.39,0.000,5.71,5.714,5.714,1458.0,1
429,10876.4,-120.7574,35.1612,1.327,4.37,0.000,5.71,5.714,5.714,1457.6,1
430,10894.4,-120.6945,35.0991,1.306,4.49,0.000,5.71,5.714,5.714,1450.7,1
431,10906.3,-120.6499,34.9834,1.295,4.60,0.000,5.71,5.714,5.714,1450.3,1
432,10909.0,-120.6695,34.9196,1.307,4.60,0.000,5.71,5.714,5.714,1458.2,1
433,10910.1,-120.6702,34.9032,1.309,4.58,0.000,5.71,5.714,5.714,1459.9,1
434,10912.3,-120.6561,34.8970,1.307,4.50,0.000,5.71,5.714,5.714,1459.3,1
435,10914.1,-120.6424,34.8872,1.306,4.41,0.000,5.71,5.714,5.714,1459.1,1
436,10915.2,-120.6364,34.8753,1.306,4.38,0.000,5.71,5.714,5.714,1459.9,1
437,10916.2,-120.6274,34.8694,1.305,4.33,0.000,5.71,5.714,5.714,1459.7,1
438,10918.9,-120.6198,34.8555,1.305,4.28,0.000,5.71,5.714,5.714,1460.3,1
439,10925.8,-120.6237,34.8128,1.311,4.26,0.000,5.71,5.714,5.714,1464.5,1
440,10928.6,-120.6351,34.7702,1.318,4.29,0.000,5.71,5.714,5.714,1468.8,1
441,10932.8,-120.6286,34.7421,1.320,4.28,0.000,5.71,5.714,5.714,1470.4,1
442,10938.1,-120.6115,34.7025,1.320,4.29,0.000,5.71,5.714,5.714,1472.0,1
443,10944.2,-120.6183,34.6538,1.327,4.35,0.000,5.71,5.714,5.714,1476.1,1
444,10947.4,-120.6363,34.6146,1.335,4.42,0.000,5.71,5.714,5.714,1480.5,1
445,10949.1,-120.6450,34.5933,1.340,4.48,0.000,5.71,5.714,5.714,1483.0,1
446,10950.5,-120.6461,34.5799,1.341,4.51,0.000,5.71,5.714,5.714,1484.2,1
447,10951.9,-120.6405,34.5685,1.341,4.53,0.000,5.71,5.714,5.714,1484.6,1
448,10953.7,-120.6291,34.5578,1.339,4.55,0.000,5.71,5.714,5.714,1484.2,1
449,10959.7,-120.5897,34.5469,1.327,4.56,0.000,5.71,5.714,5.714,1479.7,1
450,10961.7,-120.5471,34.5382,1.313,4.55,0.000,5.71,5.714,5.714,1474.2,1
451,10968.1,-120.5140,34.5133,1.304,4.63,0.000,5.71,5.714,5.714,1471.3,1
452,10973.0,-120.4821,34.4708,1.315,4.82,0.000,5.71,5.714,5.714,1477.4,1
453,10974.9,-120.4634,34.4465,1.313,4.95,0.000,5.71,5.714,5.714,1477.9,1
454,10992.5,-120.3739,34.3991,1.320,5.40,0.000,5.71,5.714,5.714,1484.2,1
455,11065.0,-119.9487,34.1991,1.140,6.73,0.000,5.71,5.714,5.714,1316.8,1
456,11066.6,-119.5962,34.0462,1.007,5.15,0.000,5.71,5.714,5.714,1264.7,1
457,11068.9,-119.5768,34.0525,1.020,4.89,0.000,5.71,5.714,5.714,1267.2,1
458,11072.2,-119.5487,34.0484,0.983,4.72,0.000,5.71,5.714,5.714,1257.8,1
459,11073.5,-119.5270,34.0379,0.977,4.68,0.000,5.71,5.714,5.714,1255.8,1
460,11081.6,-119.4803,34.0222,0.973,4.45,0.000,5.71,5.714,5.714,1253.8,1
461,11083.1,-119.4314,34.0074,0.984,4.06,0.000,5.71,5.714,5.714,1256.5,1
462,11084.0,-119.4188,34.0055,0.986,3.94,0.000,5.71,5.714,5.714,1257.1,1
463,11086.3,-119.4020,34.0042,0.989,3.76,0.000,5.71,5.714,5.714,1257.9,1
464,11140.2,-119.0985,34.0008,1.030,1.25,0.000,5.71,5.714,5.714,1290.4,1
465,11140.5,-118.8055,34.0002,0.970,0.36,0.000,5.71,5.714,5.714,1282.7,1
466,11141.4,-118.8003,34.0039,0.967,0.34,0.000,5.71,5.714,5.714,1280.8,1
467,11141.7,-118.7952,34.0070,0.964,0.33,0.000,5.71,5.714,5.714,1278.9,1
468,11142.6,-118.7915,34.0109,0.961,0.31,0.000,5.71,5.714,5.714,1276.9,1
469,11143.6,-118.7863,34.0182,0.956,0.30,0.000,5.71,5.714,5.714,1273.2,1
470,11146.1,-118.7698,34.0238,0.948,0.27,0.000,5.71,5.714,5.714,1264.8,1
471,11150.7,-118.7315,34.0276,0.934,0.26,0.000,5.71,5.714,5.714,1253.6,1
472,11153.2,-118.6935,34.0299,0.920,0.22,0.000,5.71,5.714,5.714,1249.1,1
473,11154.7,-118.6734,34.0346,0.912,0.18,0.000,5.71,5.714,5.714,1246.6,1
474,11190.6,-118.5376,33.9185,0.875,0.66,0.000,5.71,5.714,5.714,1264.9,1
475,11192.5,-118.4152,33.7910,0.879,1.27,0.000,5.71,5.714,5.714,1268.7,1
476,11193.8,-118.4247,33.7788,0.883,1.33,0.000,5.71,5.714,5.714,1270.3,1
477,11195.0,-118.4252,33.7688,0.885,1.37,0.000,5.71,5.714,5.714,1270.8,1
478,11197.6,-118.4174,33.7527,0.884,1.43,0.000,5.71,5.714,5.714,1270.7,1
479,11198.8,-118.4067,33.7386,0.882,1.50,0.000,5.71,5.714,5.714,1270.1,1
480,11199.5,-118.3978,33.7361,0.894,1.51,0.000,5.71,5.714,5.714,1274.5,1
481,11201.2,-118.3851,33.7369,0.889,1.51,0.000,5.71,5.714,5.714,1272.6,1
482,11203.5,-118.3654,33.7317,0.882,1.53,0.000,5.71,5.714,5.714,1270.2,1
483,11207.2,-118.3362,33.7201,0.888,1.56,0.000,5.71,5.714,5.714,1272.5,1
484,11209.9,-118.3044,33.7086,0.878,1.59,0.000,5.71,5.714,5.714,1268.9,1
485,11211.4,-118.2837,33.7055,0.886,1.60,0.000,5.71,5.714,5.714,1271.8,1
486,11214.4,-118.2608,33.7113,0.875,1.61,0.000,5.71,5.714,5.714,1267.9,1
487,11219.2,-118.2240,33.7271,0.922,1.64,0.000,5.71,5.714,5.714,1289.6,1
488,11220.4,-118.1977,33.7355,0.916,1.69,0.000,5.71,5.714,5.714,1286.3,1
489,11221.1,-118.1890,33.7321,0.917,1.70,0.000,5.71,5.714,5.714,1286.2,1
490,11222.1,-118.1859,33.7369,0.914,1.72,0.000,5.71,5.714,5.714,1284.9,1
491,11223.5,-118.1896,33.7469,0.909,1.75,0.000,5.71,5.714,5.714,1282.8,1
492,11224.9,-118.1957,33.7582,0.924,1.77,0.000,5.71,5.714,5.714,1288.0,1
